upi_txn_per_month,recharge_consistency,bill_payment_ontime_rate,avg_txn_amount,spending_spike_count,savings_ratio,merchant_diversity,night_txn_ratio,p2p_ratio,recharge_amount_consistency,utility_payment_rate,failed_txn_rate,monthly_income_proxy,account_age_months,credit_score,score_bucket,profile_type
24,0.53,0.81,1185.91,4,0.17,12,0.15,0.49,0.77,0.78,0.11,32329.38,16,788,Excellent,medium
4,0.39,0.18,134.58,7,0.08,2,0.27,0.57,0.27,0.31,0.24,13452.18,8,538,Fair,bad
11,0.29,0.47,259.08,6,0.06,4,0.25,0.87,0.3,0.36,0.26,11762.19,13,588,Fair,bad
12,0.52,0.55,268.49,2,0.12,10,0.12,0.47,0.58,0.65,0.06,23409.26,27,755,Excellent,medium
36,0.78,0.87,1218.1,1,0.37,16,0.01,0.1,0.99,0.88,0.03,65584.13,35,900,Excellent,good
25,0.99,0.97,2002.0,8,0.35,12,0.05,0.12,0.85,0.96,0.22,72378.91,33,889,Excellent,good
36,0.98,0.96,2501.92,1,0.44,12,0.04,0.25,0.88,0.85,0.03,57103.39,40,900,Excellent,good
7,0.4,0.11,368.48,9,0.01,1,0.23,0.66,0.28,0.12,0.28,5460.49,15,494,Fair,bad
14,0.72,0.63,528.44,3,0.1,10,0.08,0.46,0.77,0.58,0.13,39786.88,25,798,Excellent,medium
9,0.33,0.38,263.13,9,0.02,6,0.24,0.9,0.19,0.16,0.17,9342.12,13,542,Fair,bad
29,0.78,0.93,973.05,0,0.42,13,0.04,0.32,0.75,0.96,0.02,75891.56,41,900,Excellent,good
6,0.18,0.14,197.93,5,0.05,2,0.26,0.77,0.4,0.14,0.26,12036.47,2,524,Fair,bad
11,0.17,0.42,336.64,9,0.06,2,0.29,0.62,0.39,0.38,0.3,5752.97,8,516,Fair,bad
22,0.89,0.87,664.07,0,0.27,18,0.06,0.16,0.75,0.83,0.03,77493.66,58,900,Excellent,good
26,0.88,0.96,1245.94,1,0.2,17,0.02,0.13,0.96,0.98,0.01,67907.15,39,900,Excellent,good
25,0.81,0.84,577.84,0,0.37,13,0.06,0.22,0.98,0.84,0.04,69946.86,38,900,Excellent,good
27,0.73,0.72,370.62,2,0.19,7,0.14,0.54,0.63,0.58,0.06,32139.13,11,764,Excellent,medium
11,0.74,0.63,791.79,9,0.08,13,0.11,0.59,0.7,0.71,0.27,38816.22,16,703,Good,medium
18,0.57,0.82,385.24,3,0.15,9,0.11,0.53,0.76,0.57,0.1,37063.34,8,744,Good,medium
25,0.89,0.93,2501.47,1,0.19,15,0.02,0.26,0.92,0.81,0.05,37338.71,55,892,Excellent,good
21,0.76,0.74,1242.25,3,0.15,12,0.08,0.57,0.65,0.75,0.09,31089.44,16,822,Excellent,medium
31,0.81,0.83,2679.46,1,0.27,17,0.03,0.15,0.94,0.93,0.03,59991.36,41,900,Excellent,good
24,0.99,0.99,2125.81,1,0.29,16,0.01,0.11,0.81,0.89,0.04,67722.61,47,900,Excellent,good
29,0.65,0.7,868.19,2,0.13,10,0.11,0.48,0.67,0.75,0.11,39803.33,29,767,Excellent,medium
12,0.69,0.72,1153.05,4,0.17,9,0.17,0.35,0.57,0.79,0.07,36359.63,20,774,Excellent,medium
7,0.33,0.38,128.58,5,0.03,1,0.23,0.89,0.1,0.34,0.24,10156.58,7,555,Fair,bad
30,0.96,0.88,1327.22,8,0.27,17,0.02,0.21,0.89,0.98,0.24,51166.28,51,890,Excellent,good
21,0.63,0.78,925.58,4,0.08,7,0.18,0.34,0.56,0.56,0.11,20617.53,12,732,Good,medium
14,0.53,0.71,1094.67,2,0.13,8,0.07,0.59,0.68,0.77,0.09,27889.9,25,750,Excellent,medium
32,0.78,0.98,2332.25,1,0.44,12,0.05,0.14,0.81,0.98,0.02,64773.46,49,900,Excellent,good
27,0.57,0.77,1323.99,2,0.07,13,0.16,0.58,0.67,0.79,0.12,31674.29,16,796,Excellent,medium
28,0.77,0.85,772.77,1,0.29,17,0.07,0.21,0.97,0.97,0.02,74100.53,24,900,Excellent,good
41,0.91,0.86,2075.52,1,0.29,16,0.03,0.24,0.89,0.9,0.03,35660.02,34,900,Excellent,good
8,0.25,0.46,255.72,8,0.0,2,0.19,0.61,0.3,0.2,0.22,10126.75,7,565,Fair,bad
1,0.39,0.32,346.72,7,0.0,5,0.29,0.65,0.45,0.12,0.29,9571.09,2,542,Fair,bad
10,0.47,0.32,274.28,6,0.05,2,0.23,0.94,0.41,0.31,0.16,16172.41,7,614,Good,bad
16,0.59,0.76,440.8,3,0.17,6,0.11,0.46,0.53,0.55,0.11,27879.38,16,731,Good,medium
44,0.95,0.97,1383.55,1,0.25,15,0.03,0.31,0.85,0.93,0.01,63073.67,56,900,Excellent,good
14,0.55,0.75,1321.64,4,0.14,11,0.07,0.49,0.67,0.69,0.07,24772.65,9,779,Excellent,medium
19,0.63,0.74,1100.17,4,0.11,11,0.08,0.52,0.66,0.62,0.06,17141.46,8,762,Excellent,medium
28,0.83,0.84,1387.49,1,0.3,15,0.01,0.3,0.81,0.9,0.05,64289.48,26,900,Excellent,good
15,0.67,0.75,804.77,9,0.14,9,0.18,0.49,0.71,0.59,0.27,25567.23,23,693,Good,medium
39,0.86,0.87,799.57,0,0.22,16,0.05,0.29,0.81,0.93,0.01,46567.13,31,900,Excellent,good
5,0.16,0.13,135.29,6,0.03,1,0.19,0.92,0.31,0.22,0.2,10813.63,4,499,Fair,bad
25,0.97,0.89,2980.4,0,0.29,15,0.07,0.13,0.95,0.87,0.05,74062.55,29,900,Excellent,good
24,0.62,0.6,1103.44,3,0.19,7,0.14,0.55,0.54,0.77,0.13,27176.55,21,737,Good,medium
23,0.55,0.69,718.26,2,0.16,7,0.08,0.31,0.54,0.79,0.1,39145.55,20,763,Excellent,medium
15,0.5,0.55,983.32,4,0.09,8,0.13,0.36,0.56,0.67,0.12,30487.44,22,716,Good,medium
28,0.55,0.57,1217.5,3,0.08,13,0.15,0.49,0.68,0.61,0.07,20520.07,27,743,Good,medium
24,0.96,0.89,986.56,0,0.32,17,0.06,0.28,0.93,0.8,0.03,56660.49,38,900,Excellent,good
6,0.15,0.32,164.56,9,0.07,5,0.3,0.87,0.46,0.3,0.16,12123.47,15,525,Fair,bad
3,0.45,0.2,295.51,7,0.03,4,0.28,0.71,0.46,0.15,0.16,13563.0,9,537,Fair,bad
11,0.13,0.22,379.1,8,0.06,4,0.26,0.81,0.44,0.35,0.24,5866.48,8,502,Fair,bad
7,0.13,0.4,121.63,7,0.0,5,0.24,0.71,0.28,0.5,0.3,17250.1,3,549,Fair,bad
20,0.62,0.7,1279.69,3,0.07,13,0.13,0.57,0.72,0.61,0.14,31683.76,10,772,Excellent,medium
8,0.48,0.3,368.74,6,0.06,4,0.24,0.6,0.28,0.47,0.22,13014.5,2,592,Fair,bad
34,0.78,0.91,737.53,1,0.3,15,0.03,0.14,0.82,0.98,0.04,57322.15,44,900,Excellent,good
36,0.81,0.9,2090.18,1,0.3,19,0.05,0.24,0.79,0.81,0.02,68893.43,48,900,Excellent,good
32,0.79,0.83,2314.95,0,0.44,18,0.04,0.31,0.93,0.9,0.03,57876.22,42,900,Excellent,good
14,0.55,0.67,212.13,2,0.17,8,0.18,0.33,0.61,0.75,0.07,28877.12,21,748,Good,medium
11,0.61,0.76,920.49,3,0.18,7,0.07,0.52,0.56,0.79,0.08,23173.29,26,779,Excellent,medium
23,0.84,0.92,2451.0,1,0.34,16,0.05,0.1,0.79,0.81,0.02,43159.37,43,870,Excellent,good
6,0.29,0.37,119.46,6,0.04,4,0.19,0.74,0.33,0.34,0.14,9187.4,15,578,Fair,bad
15,0.56,0.77,876.39,2,0.09,12,0.15,0.37,0.6,0.57,0.12,34164.71,29,769,Excellent,medium
36,0.9,0.89,945.63,8,0.29,17,0.05,0.28,0.98,0.84,0.26,79084.1,26,880,Excellent,good
22,0.73,0.57,1308.55,3,0.18,10,0.12,0.44,0.62,0.78,0.11,30779.27,14,772,Excellent,medium
22,0.85,0.94,2413.78,8,0.24,15,0.02,0.29,0.91,0.98,0.22,37567.46,53,846,Excellent,good
5,0.27,0.45,180.44,5,0.04,3,0.19,0.91,0.15,0.31,0.21,9515.46,15,593,Fair,bad
43,0.88,0.82,2705.34,0,0.19,15,0.06,0.26,0.87,0.99,0.02,67632.01,47,900,Excellent,good
11,0.24,0.15,145.37,8,0.03,1,0.28,0.77,0.3,0.15,0.28,14396.59,9,485,Fair,bad
0,0.32,0.13,237.49,5,0.03,5,0.29,0.89,0.35,0.28,0.21,13462.66,6,536,Fair,bad
29,0.98,0.95,1743.14,1,0.25,15,0.04,0.29,0.93,0.8,0.02,64683.32,51,900,Excellent,good
28,0.88,0.94,1894.95,1,0.2,17,0.03,0.17,0.84,0.95,0.02,55326.36,42,900,Excellent,good
7,0.21,0.43,273.28,9,0.02,1,0.23,0.92,0.3,0.16,0.25,15312.4,7,513,Fair,bad
2,0.46,0.17,252.12,8,0.02,5,0.27,0.88,0.22,0.42,0.29,16139.36,9,549,Fair,bad
6,0.15,0.4,196.9,8,0.07,3,0.2,0.56,0.31,0.31,0.26,16573.35,14,546,Fair,bad
2,0.17,0.46,345.72,6,0.01,4,0.22,0.74,0.41,0.28,0.2,11424.76,3,537,Fair,bad
43,0.77,0.94,1550.3,1,0.27,18,0.02,0.25,0.85,0.91,0.04,71278.81,53,900,Excellent,good
12,0.51,0.75,338.25,4,0.16,9,0.14,0.35,0.68,0.8,0.06,16926.95,10,717,Good,medium
40,0.76,0.86,2132.91,1,0.42,12,0.06,0.3,0.91,0.85,0.05,65182.95,46,900,Excellent,good
1,0.28,0.29,359.37,7,0.03,6,0.24,0.56,0.26,0.11,0.29,6656.9,9,534,Fair,bad
18,0.75,0.82,1007.75,2,0.11,12,0.13,0.49,0.63,0.6,0.06,16708.52,24,803,Excellent,medium
10,0.64,0.63,977.86,4,0.1,11,0.15,0.31,0.75,0.76,0.11,29830.54,16,754,Excellent,medium
36,0.82,0.88,1169.44,1,0.41,18,0.05,0.16,0.8,0.89,0.04,58635.79,32,900,Excellent,good
26,0.52,0.81,232.68,4,0.13,9,0.17,0.44,0.54,0.64,0.06,19264.55,28,780,Excellent,medium
13,0.7,0.59,504.44,2,0.2,9,0.17,0.48,0.71,0.68,0.11,16773.31,25,770,Excellent,medium
11,0.34,0.48,171.66,9,0.08,5,0.24,0.8,0.28,0.28,0.2,12681.28,13,581,Fair,bad
10,0.6,0.77,943.66,3,0.12,11,0.17,0.42,0.52,0.7,0.06,23630.58,14,772,Excellent,medium
6,0.3,0.39,397.85,9,0.07,5,0.23,0.72,0.26,0.46,0.25,12902.77,1,559,Fair,bad
27,0.58,0.73,1240.46,3,0.08,12,0.12,0.53,0.52,0.57,0.08,38543.14,16,752,Excellent,medium
38,0.89,0.8,2090.24,9,0.21,18,0.06,0.28,0.78,0.97,0.25,59028.54,25,809,Excellent,good
9,0.46,0.44,164.82,5,0.06,1,0.19,0.7,0.42,0.26,0.15,12052.95,6,597,Fair,bad
11,0.19,0.26,235.04,8,0.07,3,0.25,0.7,0.33,0.38,0.25,9869.19,8,518,Fair,bad
10,0.6,0.59,233.08,3,0.15,8,0.11,0.54,0.67,0.58,0.13,28277.13,23,734,Good,medium
11,0.32,0.14,150.21,8,0.04,3,0.24,0.6,0.14,0.18,0.21,10383.95,3,488,Fair,bad
14,0.79,0.63,1354.92,3,0.18,6,0.08,0.48,0.54,0.56,0.14,34338.47,12,748,Good,medium
26,0.66,0.6,520.98,4,0.13,7,0.16,0.51,0.55,0.68,0.11,20875.93,18,738,Good,medium
12,0.55,0.77,469.5,2,0.2,9,0.1,0.4,0.72,0.67,0.12,18699.6,12,737,Good,medium
23,0.97,0.83,1982.54,1,0.37,16,0.04,0.11,0.93,0.9,0.01,65634.02,35,900,Excellent,good
31,0.87,0.96,1971.83,1,0.31,14,0.02,0.29,0.84,0.9,0.03,60977.56,37,900,Excellent,good
38,0.89,0.91,2516.47,0,0.23,12,0.01,0.1,0.9,0.86,0.02,49035.46,26,900,Excellent,good
25,0.73,0.8,239.71,4,0.16,7,0.14,0.49,0.73,0.63,0.12,28214.45,22,771,Excellent,medium
27,0.7,0.77,583.01,4,0.08,9,0.16,0.52,0.54,0.74,0.12,31463.51,8,745,Good,medium
18,0.72,0.63,1093.63,4,0.08,8,0.13,0.49,0.66,0.72,0.05,17523.53,13,738,Good,medium
7,0.15,0.45,172.67,8,0.01,2,0.23,0.67,0.19,0.21,0.27,17079.96,14,536,Fair,bad
26,0.8,0.92,2947.45,0,0.24,14,0.05,0.13,0.96,0.9,0.03,61363.92,31,900,Excellent,good
29,0.7,0.62,1128.14,2,0.17,11,0.13,0.34,0.76,0.73,0.09,18965.6,9,756,Excellent,medium
11,0.26,0.14,156.71,9,0.0,6,0.26,0.58,0.42,0.1,0.18,14631.75,13,505,Fair,bad
44,0.84,0.85,2606.78,1,0.33,13,0.06,0.21,0.97,0.87,0.05,39018.03,46,900,Excellent,good
43,0.91,0.83,1135.58,0,0.36,12,0.03,0.13,0.91,0.98,0.02,56393.3,42,900,Excellent,good
29,0.78,0.89,1462.8,1,0.3,18,0.02,0.26,0.93,0.8,0.04,43371.04,36,894,Excellent,good
25,0.86,0.97,1039.35,0,0.38,16,0.03,0.13,0.91,0.94,0.02,64017.47,44,900,Excellent,good
5,0.18,0.47,186.22,7,0.05,1,0.19,0.76,0.2,0.43,0.14,9928.22,8,571,Fair,bad
2,0.3,0.27,259.28,8,0.0,3,0.29,0.57,0.25,0.4,0.21,8474.28,1,527,Fair,bad
21,0.54,0.55,1201.21,8,0.12,10,0.1,0.31,0.58,0.74,0.27,23702.39,19,690,Good,medium
2,0.11,0.48,334.96,5,0.02,5,0.23,0.67,0.12,0.19,0.18,11293.0,15,577,Fair,bad
11,0.12,0.5,382.82,9,0.04,4,0.25,0.94,0.13,0.25,0.18,7545.83,10,537,Fair,bad
38,0.79,0.95,2089.89,0,0.22,14,0.03,0.19,0.97,0.86,0.03,75056.35,49,900,Excellent,good
4,0.3,0.2,113.37,5,0.08,3,0.27,0.69,0.46,0.48,0.24,17072.58,14,533,Fair,bad
12,0.55,0.67,471.94,4,0.16,6,0.18,0.54,0.74,0.61,0.14,19923.14,10,732,Good,medium
7,0.38,0.51,270.86,7,0.04,2,0.25,0.58,0.34,0.49,0.17,15303.74,11,588,Fair,bad
1,0.49,0.26,356.27,8,0.02,1,0.23,0.86,0.46,0.41,0.24,12839.84,5,568,Fair,bad
19,0.74,0.56,1250.5,3,0.14,13,0.08,0.43,0.51,0.67,0.11,17962.57,16,807,Excellent,medium
26,0.84,0.87,2385.66,0,0.2,18,0.04,0.19,0.94,0.85,0.03,51136.03,27,886,Excellent,good
20,0.8,0.97,754.51,1,0.41,12,0.01,0.11,0.79,0.96,0.02,77770.66,28,900,Excellent,good
21,0.73,0.63,658.97,4,0.19,7,0.17,0.43,0.72,0.67,0.09,20117.0,15,766,Excellent,medium
2,0.34,0.11,290.81,7,0.01,3,0.24,0.71,0.41,0.43,0.19,14017.03,8,530,Fair,bad
0,0.32,0.22,227.57,9,0.03,5,0.27,0.55,0.26,0.31,0.15,17650.02,7,553,Fair,bad
40,0.82,0.84,503.68,0,0.23,15,0.02,0.27,0.93,0.96,0.03,48631.89,48,900,Excellent,good
25,0.77,0.77,1480.32,3,0.12,10,0.09,0.41,0.62,0.74,0.05,21725.49,16,782,Excellent,medium
19,0.64,0.65,1433.97,4,0.16,10,0.13,0.53,0.7,0.59,0.14,26220.34,9,728,Good,medium
20,0.78,0.82,2626.18,0,0.25,14,0.01,0.14,0.8,0.93,0.02,40349.35,35,900,Excellent,good
32,0.98,0.89,1451.29,0,0.32,19,0.05,0.2,0.76,0.96,0.01,66666.49,37,900,Excellent,good
28,0.71,0.69,902.95,2,0.14,8,0.12,0.34,0.77,0.73,0.14,20668.18,18,751,Excellent,medium
3,0.37,0.36,194.96,7,0.04,6,0.25,0.78,0.42,0.46,0.14,13762.26,12,591,Fair,bad
14,0.61,0.72,634.26,2,0.18,10,0.08,0.54,0.58,0.66,0.11,23311.4,9,763,Excellent,medium
16,0.78,0.72,1072.92,4,0.09,12,0.12,0.53,0.53,0.62,0.07,25800.47,15,749,Good,medium
5,0.32,0.51,266.65,6,0.06,1,0.2,0.76,0.13,0.34,0.22,14622.1,2,585,Fair,bad
19,0.71,0.59,973.97,8,0.08,11,0.08,0.43,0.69,0.66,0.24,28834.48,28,680,Good,medium
5,0.23,0.21,279.3,9,0.01,3,0.19,0.61,0.46,0.39,0.28,7634.22,6,535,Fair,bad
8,0.12,0.36,215.68,5,0.04,3,0.29,0.71,0.42,0.18,0.25,17701.09,1,527,Fair,bad
39,0.93,0.97,1585.05,0,0.4,14,0.05,0.1,0.89,0.92,0.04,45890.99,43,900,Excellent,good
16,0.56,0.79,1160.34,4,0.07,6,0.09,0.38,0.57,0.57,0.09,33318.34,8,736,Good,medium
28,0.65,0.63,1222.8,4,0.15,6,0.1,0.6,0.58,0.74,0.09,20155.44,18,740,Good,medium
36,0.96,0.97,2649.56,1,0.39,16,0.03,0.32,0.9,0.96,0.03,59076.15,38,900,Excellent,good
30,0.89,0.84,1975.58,0,0.2,17,0.01,0.15,0.82,0.94,0.01,53394.98,44,900,Excellent,good
14,0.74,0.8,1170.81,4,0.18,9,0.12,0.54,0.5,0.78,0.09,28834.5,28,788,Excellent,medium
14,0.6,0.65,857.32,4,0.1,6,0.08,0.42,0.65,0.68,0.07,36470.42,17,742,Good,medium
31,0.96,0.94,1598.03,1,0.26,18,0.05,0.14,0.92,0.84,0.01,42437.8,44,900,Excellent,good
41,0.88,0.87,1535.5,1,0.42,17,0.02,0.26,0.89,0.82,0.02,48995.11,42,900,Excellent,good
11,0.33,0.51,224.42,5,0.03,3,0.26,0.71,0.39,0.18,0.19,12106.91,1,569,Fair,bad
36,0.87,0.98,1597.74,1,0.37,18,0.02,0.29,0.91,0.95,0.05,69942.02,40,900,Excellent,good
22,0.88,0.92,2221.58,1,0.42,17,0.05,0.23,0.95,0.96,0.04,56829.26,30,900,Excellent,good
22,0.65,0.55,732.66,2,0.17,8,0.1,0.36,0.51,0.67,0.07,33577.04,22,750,Excellent,medium
8,0.49,0.29,254.01,8,0.08,3,0.19,0.73,0.13,0.39,0.24,14186.25,4,577,Fair,bad
30,0.97,0.87,2578.42,1,0.31,15,0.05,0.12,0.77,0.81,0.03,54173.19,55,900,Excellent,good
26,0.5,0.61,1127.21,4,0.09,6,0.11,0.42,0.54,0.61,0.1,25829.08,11,721,Good,medium
11,0.29,0.4,181.28,7,0.01,5,0.21,0.72,0.44,0.3,0.17,6000.63,2,564,Fair,bad
38,0.95,0.93,2490.6,1,0.33,12,0.03,0.33,0.9,0.86,0.02,43591.7,36,900,Excellent,good
6,0.49,0.43,332.1,9,0.03,4,0.21,0.74,0.2,0.27,0.28,15716.25,12,577,Fair,bad
23,0.77,0.64,1371.25,8,0.18,7,0.15,0.54,0.7,0.79,0.22,37577.34,17,720,Good,medium
26,0.79,0.79,1303.93,8,0.14,12,0.08,0.39,0.5,0.55,0.25,32653.96,11,729,Good,medium
12,0.78,0.66,723.04,4,0.15,10,0.14,0.52,0.69,0.58,0.1,29237.11,18,763,Excellent,medium
14,0.8,0.81,1044.36,2,0.13,11,0.14,0.32,0.63,0.72,0.11,24328.07,18,773,Excellent,medium
24,0.76,0.92,2935.62,1,0.25,14,0.05,0.3,0.85,0.84,0.01,61087.68,40,900,Excellent,good
10,0.28,0.29,305.71,7,0.05,2,0.23,0.61,0.32,0.21,0.29,12581.48,8,548,Fair,bad
20,0.52,0.56,750.34,3,0.19,9,0.17,0.56,0.68,0.6,0.13,37152.34,23,736,Good,medium
28,0.99,0.81,2743.41,0,0.34,12,0.04,0.31,0.76,0.86,0.01,78890.44,40,900,Excellent,good
38,0.88,0.95,1540.55,1,0.24,15,0.01,0.34,0.77,0.88,0.03,79338.67,31,900,Excellent,good
23,0.69,0.61,226.68,3,0.1,6,0.11,0.39,0.77,0.59,0.13,34420.08,13,719,Good,medium
11,0.75,0.74,1002.38,3,0.09,11,0.16,0.39,0.59,0.55,0.07,36885.14,8,783,Excellent,medium
29,0.82,0.87,976.81,0,0.34,14,0.07,0.27,0.8,0.81,0.02,60314.98,55,900,Excellent,good
29,0.5,0.69,812.13,2,0.13,9,0.15,0.5,0.53,0.75,0.06,32463.27,15,787,Excellent,medium
33,0.9,0.84,1881.66,0,0.38,14,0.02,0.24,0.79,0.85,0.02,43227.7,57,900,Excellent,good
15,0.79,0.7,385.9,3,0.1,7,0.11,0.33,0.66,0.76,0.12,19378.08,16,796,Excellent,medium
41,0.93,0.92,2000.7,9,0.35,16,0.02,0.17,0.88,0.84,0.26,45668.81,50,889,Excellent,good
24,0.77,0.68,806.19,2,0.16,12,0.12,0.43,0.67,0.8,0.12,24946.64,25,800,Excellent,medium
29,0.7,0.68,1205.62,2,0.08,9,0.1,0.56,0.76,0.8,0.12,33843.35,23,744,Good,medium
11,0.39,0.15,282.5,7,0.01,1,0.25,0.63,0.12,0.33,0.24,7740.16,10,531,Fair,bad
25,0.84,0.86,2373.57,0,0.32,12,0.03,0.2,0.82,0.86,0.02,36867.46,51,900,Excellent,good
15,0.7,0.64,1302.54,4,0.15,9,0.15,0.38,0.58,0.79,0.05,32901.25,16,782,Excellent,medium
22,0.78,0.86,2623.84,1,0.27,19,0.04,0.35,0.98,0.89,0.02,42419.81,39,900,Excellent,good
7,0.24,0.29,373.97,7,0.02,6,0.19,0.91,0.35,0.21,0.17,8825.47,3,551,Fair,bad
9,0.39,0.46,207.03,8,0.07,1,0.23,0.84,0.46,0.34,0.28,15692.43,5,548,Fair,bad
20,0.78,0.93,2874.75,1,0.34,17,0.05,0.25,0.84,0.87,0.01,44805.89,46,900,Excellent,good
12,0.62,0.7,1425.46,4,0.1,13,0.08,0.47,0.63,0.58,0.14,20367.4,16,757,Excellent,medium
1,0.4,0.11,297.62,8,0.02,2,0.27,0.85,0.31,0.2,0.21,15316.42,7,479,Fair,bad
29,0.51,0.69,483.74,2,0.15,6,0.09,0.51,0.75,0.74,0.06,37397.1,23,748,Good,medium
24,0.52,0.7,402.85,3,0.13,11,0.17,0.47,0.55,0.58,0.1,34047.09,20,756,Excellent,medium
25,0.91,0.81,1551.9,1,0.19,16,0.03,0.16,0.91,0.92,0.02,76764.58,37,900,Excellent,good
31,0.78,0.92,2846.21,1,0.37,14,0.03,0.24,0.85,0.96,0.04,62532.4,40,900,Excellent,good
3,0.27,0.38,297.45,8,0.04,4,0.29,0.61,0.18,0.31,0.25,6244.48,8,550,Fair,bad
10,0.2,0.23,350.95,8,0.07,2,0.22,0.66,0.13,0.23,0.15,15152.53,7,517,Fair,bad
14,0.5,0.8,508.29,2,0.19,13,0.12,0.37,0.65,0.62,0.13,20380.11,10,776,Excellent,medium
20,0.79,0.81,713.7,9,0.1,13,0.14,0.54,0.77,0.65,0.22,21648.21,17,699,Good,medium
18,0.56,0.57,1353.26,2,0.11,13,0.17,0.53,0.54,0.69,0.09,34930.28,17,733,Good,medium
9,0.24,0.44,115.72,7,0.05,2,0.19,0.64,0.42,0.48,0.19,8438.71,14,573,Fair,bad
5,0.19,0.28,102.91,7,0.0,2,0.29,0.86,0.22,0.2,0.25,9733.47,4,519,Fair,bad
1,0.12,0.32,269.82,8,0.03,6,0.2,0.64,0.22,0.2,0.15,6168.91,4,540,Fair,bad
6,0.18,0.42,115.39,8,0.06,5,0.22,0.71,0.3,0.16,0.23,15470.62,11,543,Fair,bad
29,0.72,0.64,730.03,3,0.08,9,0.13,0.4,0.72,0.61,0.14,23620.44,27,731,Good,medium
38,0.91,0.97,2476.3,8,0.36,15,0.02,0.11,0.91,0.9,0.22,36572.27,57,861,Excellent,good
26,0.78,0.83,1379.51,0,0.34,16,0.05,0.35,0.93,0.88,0.03,62844.74,47,900,Excellent,good
4,0.27,0.22,138.75,9,0.06,2,0.24,0.65,0.28,0.3,0.17,13477.21,5,523,Fair,bad
11,0.68,0.69,279.31,4,0.2,8,0.18,0.34,0.54,0.77,0.13,34145.73,9,731,Good,medium
44,0.75,0.89,2857.65,0,0.35,12,0.05,0.16,0.91,0.84,0.01,66562.25,50,900,Excellent,good
21,0.79,0.91,1528.44,0,0.31,12,0.05,0.3,0.95,0.89,0.04,65278.12,59,900,Excellent,good
23,0.62,0.77,969.62,2,0.07,10,0.08,0.33,0.67,0.64,0.13,25164.76,13,743,Good,medium
23,0.92,0.95,2986.04,1,0.39,12,0.06,0.25,0.89,0.85,0.04,38675.03,28,900,Excellent,good
33,0.92,0.86,2162.64,1,0.21,17,0.02,0.12,0.95,0.97,0.04,39654.54,46,900,Excellent,good
23,0.54,0.55,1125.78,2,0.14,11,0.07,0.46,0.74,0.79,0.1,27861.53,13,770,Excellent,medium
14,0.62,0.61,323.45,4,0.08,12,0.18,0.43,0.65,0.77,0.14,29567.86,8,717,Good,medium
24,0.6,0.68,1317.42,2,0.16,6,0.14,0.34,0.66,0.72,0.11,33836.8,11,762,Excellent,medium
44,0.82,0.88,2042.76,1,0.24,19,0.02,0.34,0.78,0.89,0.03,59361.85,43,900,Excellent,good
6,0.49,0.3,120.01,7,0.05,3,0.29,0.76,0.2,0.26,0.24,13488.35,12,568,Fair,bad
41,0.96,0.81,2769.34,1,0.23,13,0.06,0.18,0.98,0.9,0.04,76584.85,36,900,Excellent,good
29,0.7,0.66,1183.13,3,0.11,9,0.17,0.38,0.53,0.7,0.14,24445.98,29,756,Excellent,medium
2,0.28,0.25,220.21,5,0.03,2,0.25,0.8,0.27,0.26,0.21,10394.49,7,533,Fair,bad
27,0.56,0.6,541.21,2,0.08,8,0.11,0.34,0.61,0.59,0.12,20220.77,11,732,Good,medium
2,0.15,0.21,188.64,8,0.01,3,0.25,0.61,0.17,0.45,0.23,16309.19,15,524,Fair,bad
26,0.66,0.64,810.89,2,0.18,11,0.1,0.54,0.76,0.64,0.08,19879.93,8,784,Excellent,medium
28,0.65,0.71,1416.72,2,0.19,7,0.16,0.59,0.51,0.8,0.06,35359.67,8,752,Excellent,medium
40,0.86,0.92,1452.38,1,0.21,18,0.06,0.2,0.8,0.88,0.01,71921.94,27,900,Excellent,good
11,0.75,0.72,1219.73,2,0.07,8,0.18,0.46,0.67,0.61,0.11,29290.19,20,738,Good,medium
24,0.9,0.95,1808.5,1,0.33,13,0.01,0.21,0.79,0.84,0.02,52401.82,29,900,Excellent,good
39,0.86,0.8,564.52,1,0.33,16,0.07,0.15,0.81,0.82,0.05,70001.51,57,900,Excellent,good
7,0.31,0.29,199.12,5,0.01,4,0.3,0.87,0.39,0.37,0.17,5768.38,6,576,Fair,bad
27,0.7,0.6,272.04,4,0.17,6,0.12,0.31,0.59,0.59,0.06,38918.01,15,707,Good,medium
7,0.23,0.27,171.08,5,0.0,2,0.28,0.82,0.31,0.29,0.29,5945.55,2,540,Fair,bad
16,0.57,0.79,1279.81,2,0.15,8,0.18,0.35,0.72,0.63,0.12,25500.28,8,762,Excellent,medium
10,0.13,0.18,387.16,7,0.01,3,0.24,0.82,0.34,0.33,0.15,13226.43,3,503,Fair,bad
20,0.71,0.71,1420.26,3,0.14,6,0.14,0.36,0.59,0.61,0.06,35687.47,26,748,Good,medium
27,0.51,0.74,629.73,2,0.14,12,0.09,0.45,0.54,0.66,0.08,37798.99,24,774,Excellent,medium
18,0.65,0.63,1154.99,2,0.11,7,0.17,0.35,0.63,0.57,0.11,28763.29,20,725,Good,medium
20,0.8,0.8,2654.16,0,0.34,19,0.05,0.3,0.85,0.94,0.05,60745.53,42,900,Excellent,good
1,0.22,0.33,276.4,6,0.01,1,0.19,0.59,0.17,0.31,0.17,8682.7,4,533,Fair,bad
34,0.84,0.96,1272.01,1,0.43,19,0.03,0.24,0.92,0.93,0.04,74866.13,52,900,Excellent,good
35,0.83,0.81,844.07,0,0.24,16,0.01,0.15,0.85,0.87,0.05,36813.0,30,884,Excellent,good
16,0.79,0.72,1414.91,3,0.12,10,0.15,0.51,0.77,0.65,0.06,31792.72,20,804,Excellent,medium
22,0.82,0.88,2113.05,1,0.35,17,0.03,0.17,0.8,0.95,0.05,51660.45,48,900,Excellent,good
2,0.44,0.18,386.89,7,0.06,6,0.19,0.65,0.22,0.42,0.28,8932.06,13,549,Fair,bad
5,0.38,0.5,304.76,5,0.0,6,0.26,0.75,0.15,0.22,0.27,16198.43,14,615,Good,bad
4,0.37,0.2,383.07,7,0.08,6,0.28,0.6,0.37,0.4,0.25,8280.09,11,566,Fair,bad
10,0.64,0.78,698.42,2,0.18,7,0.13,0.36,0.7,0.68,0.1,26522.46,12,765,Excellent,medium
22,0.92,0.82,2597.13,0,0.37,16,0.03,0.32,0.92,0.82,0.03,74887.12,38,900,Excellent,good
6,0.21,0.2,382.62,5,0.01,5,0.2,0.55,0.31,0.49,0.2,9643.5,9,549,Fair,bad
27,0.63,0.79,857.18,2,0.12,11,0.18,0.37,0.52,0.72,0.1,25378.64,28,796,Excellent,medium
10,0.28,0.21,325.63,9,0.05,6,0.25,0.95,0.27,0.47,0.2,5711.53,8,546,Fair,bad
9,0.19,0.1,374.5,6,0.01,6,0.27,0.9,0.37,0.19,0.25,9000.14,13,532,Fair,bad
11,0.19,0.41,375.35,6,0.0,2,0.21,0.8,0.13,0.28,0.26,13924.68,13,529,Fair,bad
34,0.94,0.93,579.31,1,0.3,14,0.06,0.18,0.88,0.85,0.04,74892.61,52,900,Excellent,good
28,0.51,0.79,289.24,2,0.19,6,0.1,0.32,0.55,0.69,0.08,25434.87,29,764,Excellent,medium
2,0.23,0.14,386.02,6,0.02,1,0.22,0.82,0.42,0.47,0.25,8686.9,9,522,Fair,bad
14,0.55,0.68,1159.24,4,0.18,13,0.09,0.33,0.73,0.68,0.05,35074.53,14,785,Excellent,medium
26,0.87,0.97,2881.29,1,0.33,18,0.05,0.28,0.8,0.88,0.04,64462.64,43,900,Excellent,good
28,0.61,0.66,251.75,3,0.1,12,0.17,0.41,0.51,0.59,0.09,38694.49,9,736,Good,medium
0,0.3,0.36,243.32,9,0.03,3,0.2,0.61,0.46,0.47,0.28,13130.63,2,544,Fair,bad
29,0.69,0.65,393.06,3,0.16,10,0.11,0.34,0.56,0.61,0.08,31069.88,23,785,Excellent,medium
24,0.73,0.74,451.11,4,0.17,7,0.11,0.46,0.62,0.6,0.09,16806.92,8,733,Good,medium
40,0.84,0.82,867.91,1,0.33,19,0.06,0.1,0.87,0.82,0.02,76672.68,53,900,Excellent,good
20,0.57,0.67,567.08,3,0.14,7,0.15,0.39,0.67,0.6,0.13,17872.66,11,730,Good,medium
10,0.12,0.23,249.76,8,0.02,3,0.19,0.74,0.36,0.2,0.24,15782.01,3,522,Fair,bad
29,0.88,0.86,1577.15,1,0.27,14,0.06,0.31,0.99,0.95,0.03,50264.91,59,900,Excellent,good
26,0.51,0.57,703.71,2,0.13,11,0.14,0.36,0.71,0.69,0.07,22297.78,20,757,Excellent,medium
2,0.49,0.4,387.14,8,0.04,4,0.3,0.76,0.33,0.37,0.25,11642.62,4,570,Fair,bad
6,0.26,0.16,321.45,8,0.06,3,0.24,0.83,0.43,0.27,0.19,17177.42,14,521,Fair,bad
13,0.54,0.64,1260.47,3,0.11,13,0.12,0.56,0.6,0.77,0.06,34419.96,12,742,Good,medium
6,0.42,0.15,142.16,5,0.04,5,0.28,0.83,0.45,0.4,0.19,8446.06,10,560,Fair,bad
21,0.53,0.69,1268.13,2,0.09,11,0.16,0.44,0.52,0.59,0.11,32794.45,11,734,Good,medium
38,0.87,0.8,1122.05,1,0.32,14,0.02,0.28,0.95,0.85,0.04,52349.91,37,900,Excellent,good
1,0.21,0.33,204.1,8,0.07,1,0.22,0.84,0.11,0.29,0.27,16966.97,10,517,Fair,bad
7,0.23,0.18,184.41,5,0.03,4,0.19,0.88,0.19,0.18,0.22,14993.71,10,536,Fair,bad
10,0.42,0.27,227.49,9,0.06,1,0.28,0.65,0.26,0.12,0.21,12508.97,6,538,Fair,bad
11,0.19,0.27,397.98,6,0.08,4,0.24,0.66,0.3,0.44,0.25,8770.57,10,528,Fair,bad
25,0.6,0.8,273.09,3,0.19,10,0.09,0.32,0.59,0.61,0.1,17559.18,19,774,Excellent,medium
14,0.68,0.57,1088.05,3,0.18,9,0.08,0.47,0.71,0.65,0.13,31217.07,17,772,Excellent,medium
8,0.15,0.23,160.54,8,0.05,4,0.27,0.74,0.19,0.35,0.15,9240.21,13,522,Fair,bad
13,0.75,0.77,613.28,3,0.18,13,0.07,0.45,0.61,0.71,0.11,18018.67,9,785,Excellent,medium
6,0.48,0.38,209.02,6,0.03,5,0.22,0.83,0.39,0.47,0.17,15373.97,6,584,Fair,bad
9,0.22,0.51,292.83,8,0.08,4,0.21,0.8,0.34,0.44,0.26,12053.45,9,567,Fair,bad
8,0.34,0.31,140.0,6,0.06,2,0.29,0.64,0.21,0.25,0.25,6537.1,11,563,Fair,bad
16,0.5,0.64,1234.36,2,0.11,9,0.13,0.3,0.69,0.72,0.05,24206.25,15,746,Good,medium
20,0.65,0.8,1132.44,2,0.17,12,0.12,0.58,0.58,0.67,0.12,32228.03,25,791,Excellent,medium
42,0.76,0.94,2685.03,1,0.4,16,0.01,0.31,0.82,0.88,0.03,72775.4,42,900,Excellent,good
27,0.55,0.69,1130.0,4,0.13,12,0.07,0.32,0.61,0.76,0.05,26418.26,16,758,Excellent,medium
25,0.83,0.93,1803.88,0,0.37,18,0.05,0.29,0.77,0.81,0.01,43495.73,42,900,Excellent,good
10,0.53,0.71,938.96,4,0.14,7,0.1,0.45,0.75,0.75,0.09,38634.29,23,706,Good,medium
14,0.54,0.71,567.32,2,0.18,6,0.18,0.32,0.66,0.57,0.06,25989.07,13,752,Excellent,medium
39,0.83,0.82,1258.05,0,0.37,17,0.03,0.24,0.97,0.8,0.04,77676.63,30,900,Excellent,good
18,0.5,0.62,784.93,4,0.17,12,0.17,0.59,0.57,0.77,0.06,16392.67,12,737,Good,medium
23,0.89,0.84,1859.47,8,0.26,13,0.07,0.25,0.84,0.95,0.28,52303.21,38,846,Excellent,good
41,0.94,0.86,2263.73,0,0.24,12,0.02,0.14,0.79,0.83,0.03,73015.89,55,900,Excellent,good
1,0.36,0.47,173.24,6,0.03,2,0.2,0.65,0.32,0.39,0.16,12794.76,2,600,Good,bad
29,0.6,0.79,408.82,3,0.16,12,0.08,0.37,0.53,0.76,0.06,33682.44,19,792,Excellent,medium
31,0.8,0.86,2937.26,1,0.39,18,0.04,0.35,0.81,0.93,0.04,62329.6,57,900,Excellent,good
11,0.75,0.56,1296.96,3,0.11,8,0.08,0.59,0.52,0.6,0.08,30505.87,9,745,Good,medium
6,0.39,0.21,328.1,6,0.0,5,0.22,0.71,0.47,0.48,0.27,8141.57,8,536,Fair,bad
44,0.94,0.96,2612.16,0,0.35,15,0.03,0.12,0.92,0.8,0.03,49822.07,49,900,Excellent,good
20,0.74,0.63,780.22,2,0.16,12,0.08,0.33,0.66,0.68,0.09,24919.73,29,785,Excellent,medium
24,0.87,0.94,935.39,1,0.35,13,0.04,0.11,0.86,0.86,0.05,40607.6,43,890,Excellent,good
37,0.86,0.91,1244.89,0,0.41,16,0.03,0.26,0.82,0.97,0.04,54739.21,52,900,Excellent,good
27,0.66,0.56,1030.65,2,0.18,8,0.1,0.46,0.54,0.72,0.12,19083.86,29,766,Excellent,medium
11,0.76,0.69,807.44,4,0.19,9,0.17,0.55,0.68,0.57,0.06,16232.72,14,742,Good,medium
11,0.79,0.67,859.1,9,0.17,10,0.16,0.35,0.62,0.67,0.21,30072.32,18,697,Good,medium
0,0.43,0.51,392.68,8,0.01,2,0.29,0.76,0.3,0.2,0.21,14773.33,4,569,Fair,bad
9,0.12,0.28,240.71,9,0.08,2,0.22,0.76,0.13,0.49,0.2,11212.28,14,517,Fair,bad
22,0.71,0.63,274.22,2,0.09,8,0.08,0.3,0.54,0.73,0.14,39576.62,18,777,Excellent,medium
15,0.75,0.79,516.13,2,0.16,11,0.08,0.57,0.73,0.74,0.05,36093.22,25,829,Excellent,medium
8,0.14,0.42,274.73,8,0.02,6,0.23,0.93,0.25,0.15,0.22,6423.38,15,523,Fair,bad
43,0.98,0.88,1151.01,1,0.34,18,0.05,0.32,0.92,0.85,0.04,48761.61,32,900,Excellent,good
10,0.52,0.69,646.29,2,0.18,10,0.11,0.53,0.52,0.72,0.12,31820.79,27,785,Excellent,medium
36,0.85,0.81,2884.84,0,0.22,17,0.06,0.15,0.9,0.81,0.03,35659.12,33,869,Excellent,good
23,0.97,0.83,2114.82,9,0.42,18,0.05,0.25,0.93,0.86,0.23,53246.23,33,870,Excellent,good
10,0.28,0.21,363.62,5,0.01,2,0.29,0.62,0.47,0.28,0.29,13798.66,1,496,Fair,bad
2,0.22,0.14,143.16,5,0.04,3,0.28,0.61,0.15,0.36,0.17,6268.93,4,520,Fair,bad
25,0.7,0.7,1080.26,4,0.07,10,0.07,0.44,0.75,0.69,0.12,39790.61,12,749,Good,medium
25,0.7,0.81,1481.28,4,0.09,8,0.16,0.33,0.72,0.78,0.08,30765.88,14,772,Excellent,medium
29,0.86,0.98,2882.09,1,0.38,12,0.04,0.32,0.82,0.8,0.02,50728.53,29,900,Excellent,good
34,0.84,0.92,865.24,1,0.42,14,0.05,0.2,0.89,0.82,0.01,75930.4,43,900,Excellent,good
39,0.97,0.9,2487.78,1,0.45,16,0.07,0.14,0.82,0.82,0.02,71718.01,53,900,Excellent,good
11,0.79,0.72,741.01,2,0.19,8,0.16,0.38,0.52,0.56,0.06,29519.21,9,775,Excellent,medium
9,0.38,0.41,152.19,5,0.06,6,0.19,0.69,0.3,0.5,0.22,15608.74,5,584,Fair,bad
26,0.77,0.66,985.6,4,0.19,7,0.09,0.33,0.5,0.77,0.07,20287.67,15,774,Excellent,medium
30,0.93,0.83,521.55,1,0.35,14,0.04,0.23,0.75,0.88,0.04,54921.22,42,900,Excellent,good
6,0.25,0.17,205.52,6,0.05,5,0.25,0.79,0.38,0.11,0.23,5687.8,2,494,Fair,bad
6,0.3,0.29,139.2,6,0.07,6,0.29,0.55,0.33,0.39,0.24,6061.84,14,587,Fair,bad
15,0.75,0.68,832.88,4,0.15,8,0.08,0.41,0.53,0.71,0.09,34449.62,16,775,Excellent,medium
28,0.78,0.58,696.67,3,0.2,11,0.11,0.49,0.7,0.66,0.08,39055.32,10,770,Excellent,medium
13,0.73,0.73,998.85,3,0.08,6,0.11,0.37,0.78,0.65,0.12,32118.13,21,750,Excellent,medium
29,0.97,0.87,759.09,8,0.27,13,0.03,0.35,0.96,0.88,0.26,64255.1,48,853,Excellent,good
27,0.61,0.76,1254.22,2,0.18,8,0.11,0.53,0.64,0.77,0.13,17185.42,27,769,Excellent,medium
5,0.49,0.16,382.26,9,0.0,1,0.23,0.94,0.2,0.26,0.3,11974.12,11,517,Fair,bad
21,0.92,0.8,623.78,0,0.4,16,0.07,0.33,0.92,0.96,0.04,40651.19,55,900,Excellent,good
20,0.79,0.97,2032.79,0,0.2,14,0.04,0.12,0.9,0.85,0.04,71801.99,43,900,Excellent,good
43,0.93,0.96,1802.21,1,0.33,13,0.03,0.17,0.75,0.98,0.05,69405.57,32,900,Excellent,good
37,0.92,0.82,1185.41,1,0.37,19,0.06,0.2,0.85,0.81,0.02,55307.83,49,900,Excellent,good
6,0.44,0.34,123.68,9,0.07,1,0.22,0.69,0.3,0.33,0.27,9432.57,2,543,Fair,bad
1,0.34,0.49,317.82,7,0.02,3,0.25,0.76,0.31,0.49,0.26,6381.46,10,585,Fair,bad
26,0.51,0.64,907.34,3,0.12,6,0.14,0.4,0.58,0.6,0.09,21898.72,9,692,Good,medium
39,0.94,0.86,1909.34,1,0.43,18,0.01,0.31,0.8,0.97,0.02,67520.76,47,900,Excellent,good
19,0.58,0.69,504.68,3,0.1,10,0.13,0.52,0.59,0.56,0.06,37867.36,16,746,Good,medium
12,0.62,0.78,1324.88,8,0.14,12,0.08,0.48,0.69,0.6,0.26,19874.92,19,720,Good,medium
41,0.97,0.92,2504.56,0,0.31,13,0.02,0.32,0.94,0.83,0.03,56931.87,58,900,Excellent,good
12,0.52,0.57,443.55,4,0.1,7,0.15,0.34,0.73,0.59,0.08,21224.42,20,686,Good,medium
23,0.64,0.61,936.47,2,0.09,6,0.12,0.38,0.6,0.59,0.13,15250.26,19,713,Good,medium
26,0.65,0.58,706.37,3,0.17,11,0.11,0.33,0.57,0.57,0.06,19975.28,15,728,Good,medium
20,0.69,0.59,1396.82,2,0.19,13,0.15,0.42,0.76,0.71,0.06,38696.41,25,801,Excellent,medium
41,0.78,0.88,1376.77,0,0.21,13,0.02,0.19,0.84,0.83,0.04,66825.27,51,900,Excellent,good
16,0.53,0.72,357.78,3,0.17,13,0.13,0.45,0.5,0.68,0.08,39301.98,26,796,Excellent,medium
16,0.7,0.61,487.39,4,0.17,13,0.12,0.35,0.55,0.55,0.06,28920.97,14,761,Excellent,medium
25,0.6,0.58,705.22,4,0.15,10,0.14,0.6,0.75,0.67,0.1,19764.4,25,738,Good,medium
10,0.24,0.48,382.26,6,0.07,2,0.23,0.88,0.47,0.41,0.24,12888.31,6,579,Fair,bad
17,0.74,0.69,281.18,2,0.13,13,0.17,0.43,0.77,0.66,0.06,24735.87,14,799,Excellent,medium
33,0.92,0.86,2457.31,1,0.19,14,0.06,0.2,0.86,0.87,0.02,58667.6,40,887,Excellent,good
33,0.91,0.85,1193.81,1,0.23,16,0.04,0.26,0.76,0.92,0.03,59558.74,31,900,Excellent,good
21,0.76,0.61,1472.6,3,0.14,12,0.12,0.33,0.54,0.65,0.12,37507.81,19,780,Excellent,medium
32,0.91,0.92,2514.41,1,0.2,17,0.03,0.27,0.81,0.99,0.02,35455.15,49,900,Excellent,good
13,0.75,0.79,904.08,4,0.13,9,0.16,0.49,0.64,0.57,0.13,30386.29,15,762,Excellent,medium
10,0.31,0.4,274.44,9,0.08,3,0.19,0.62,0.36,0.36,0.28,14527.41,3,560,Fair,bad
17,0.62,0.75,1101.42,3,0.13,11,0.12,0.4,0.62,0.76,0.11,37061.03,25,777,Excellent,medium
26,0.7,0.69,230.67,3,0.14,6,0.15,0.36,0.56,0.6,0.06,22775.18,23,753,Excellent,medium
15,0.8,0.68,275.71,3,0.15,6,0.09,0.58,0.71,0.62,0.1,33036.23,18,767,Excellent,medium
21,0.52,0.72,1065.62,4,0.08,8,0.17,0.51,0.7,0.61,0.11,19955.16,12,715,Good,medium
21,0.75,0.82,759.45,3,0.13,13,0.09,0.48,0.61,0.56,0.08,21630.71,19,801,Excellent,medium
10,0.21,0.44,116.61,8,0.03,6,0.29,0.86,0.35,0.43,0.24,17596.28,14,580,Fair,bad
17,0.66,0.58,970.24,3,0.12,13,0.07,0.36,0.64,0.79,0.08,25609.3,24,788,Excellent,medium
9,0.38,0.2,216.6,9,0.01,1,0.2,0.76,0.47,0.34,0.3,15934.4,9,520,Fair,bad
8,0.21,0.25,376.95,5,0.07,3,0.24,0.64,0.42,0.39,0.3,7024.0,7,553,Fair,bad
21,0.98,0.93,2769.38,0,0.19,14,0.01,0.19,0.96,0.84,0.01,49674.77,49,900,Excellent,good
30,0.86,0.92,971.25,0,0.33,16,0.03,0.22,0.77,0.91,0.03,41499.64,51,900,Excellent,good
20,0.88,0.91,521.24,1,0.19,18,0.03,0.11,0.93,0.98,0.02,49558.61,48,900,Excellent,good
25,0.92,0.91,1466.16,0,0.38,18,0.01,0.12,0.96,0.81,0.04,76401.72,43,900,Excellent,good
27,0.89,0.97,2854.76,0,0.42,13,0.05,0.2,0.86,0.81,0.02,70573.11,37,900,Excellent,good
12,0.58,0.58,527.6,2,0.19,13,0.13,0.48,0.6,0.75,0.1,17918.7,18,756,Excellent,medium
23,0.97,0.86,2673.85,1,0.34,16,0.01,0.13,0.92,0.84,0.02,57576.46,47,900,Excellent,good
19,0.73,0.81,571.59,3,0.16,7,0.15,0.43,0.73,0.69,0.13,38696.59,16,744,Good,medium
6,0.2,0.27,303.3,7,0.05,6,0.29,0.66,0.26,0.46,0.28,13914.27,2,538,Fair,bad
28,0.79,0.85,1544.92,1,0.22,17,0.02,0.17,0.89,0.88,0.02,68590.35,46,897,Excellent,good
3,0.23,0.41,145.59,9,0.05,4,0.21,0.58,0.15,0.44,0.27,8291.62,10,555,Fair,bad
30,0.87,0.9,1502.21,1,0.27,14,0.02,0.3,0.94,0.88,0.02,47774.52,55,900,Excellent,good
20,0.84,0.95,1236.75,1,0.19,18,0.03,0.18,0.86,0.96,0.05,59528.75,59,900,Excellent,good
27,0.75,0.78,739.64,4,0.16,12,0.1,0.39,0.72,0.57,0.12,25691.73,24,750,Excellent,medium
17,0.53,0.81,1249.44,3,0.07,7,0.11,0.35,0.66,0.79,0.05,20953.12,9,761,Excellent,medium
2,0.44,0.3,398.37,9,0.03,3,0.23,0.66,0.31,0.22,0.15,5018.57,9,550,Fair,bad
5,0.33,0.52,186.05,5,0.05,4,0.2,0.66,0.4,0.46,0.3,8019.77,15,610,Good,bad
3,0.35,0.17,228.95,6,0.0,2,0.25,0.61,0.26,0.32,0.24,8567.35,4,497,Fair,bad
28,0.98,0.96,1910.71,0,0.4,17,0.02,0.13,0.92,0.85,0.02,79918.78,40,900,Excellent,good
36,0.93,0.88,1334.26,0,0.23,17,0.01,0.1,0.94,0.89,0.02,45600.47,48,900,Excellent,good
5,0.29,0.32,392.57,6,0.06,2,0.24,0.6,0.47,0.22,0.28,10039.12,12,566,Fair,bad
4,0.22,0.35,277.41,6,0.01,2,0.24,0.68,0.42,0.22,0.22,10216.28,4,514,Fair,bad
6,0.46,0.43,105.82,9,0.05,6,0.3,0.8,0.24,0.19,0.28,15589.35,10,553,Fair,bad
11,0.59,0.59,543.17,2,0.08,10,0.11,0.4,0.58,0.67,0.07,27140.77,12,716,Good,medium
18,0.52,0.69,1310.79,4,0.19,11,0.08,0.55,0.64,0.71,0.1,26926.21,27,774,Excellent,medium
9,0.15,0.44,258.82,5,0.02,3,0.28,0.8,0.39,0.41,0.2,8563.08,14,573,Fair,bad
21,0.79,0.6,479.97,4,0.12,9,0.11,0.57,0.67,0.65,0.13,16211.61,28,746,Good,medium
8,0.25,0.22,316.59,6,0.03,5,0.24,0.61,0.12,0.28,0.15,12401.35,2,559,Fair,bad
5,0.22,0.35,261.31,8,0.01,1,0.27,0.6,0.19,0.45,0.14,14785.45,11,554,Fair,bad
26,0.71,0.81,890.74,2,0.2,9,0.14,0.39,0.54,0.76,0.08,31511.74,14,771,Excellent,medium
9,0.34,0.13,224.0,8,0.03,6,0.28,0.86,0.11,0.18,0.23,17152.69,14,538,Fair,bad
8,0.42,0.25,356.39,9,0.02,6,0.26,0.61,0.44,0.26,0.21,14174.87,7,539,Fair,bad
44,0.79,0.96,2416.92,0,0.28,18,0.04,0.1,0.81,0.84,0.02,71265.76,49,900,Excellent,good
8,0.46,0.13,368.25,5,0.04,1,0.22,0.89,0.37,0.26,0.15,14525.1,4,549,Fair,bad
13,0.5,0.77,537.22,3,0.15,9,0.16,0.58,0.78,0.59,0.13,21650.53,28,735,Good,medium
8,0.38,0.43,338.59,5,0.04,5,0.24,0.92,0.28,0.3,0.16,15434.53,14,613,Good,bad
25,0.5,0.63,767.56,2,0.09,12,0.11,0.42,0.57,0.78,0.1,15335.24,11,751,Excellent,medium
3,0.33,0.37,267.01,8,0.0,4,0.23,0.74,0.35,0.11,0.21,13041.61,15,536,Fair,bad
29,0.73,0.67,256.12,3,0.15,11,0.16,0.5,0.58,0.79,0.08,39955.85,17,783,Excellent,medium
28,0.81,0.97,1539.78,1,0.24,14,0.03,0.15,0.87,0.97,0.04,37962.34,51,887,Excellent,good
7,0.31,0.47,223.01,5,0.01,1,0.24,0.62,0.39,0.46,0.23,11852.91,7,594,Fair,bad
28,0.99,0.94,2435.63,0,0.22,19,0.04,0.11,0.9,0.92,0.05,57754.54,44,900,Excellent,good
29,0.7,0.61,564.69,3,0.11,11,0.13,0.4,0.7,0.62,0.12,16752.54,25,763,Excellent,medium
10,0.35,0.16,326.87,6,0.02,5,0.28,0.69,0.41,0.24,0.16,17504.55,14,565,Fair,bad
11,0.26,0.24,394.43,9,0.06,5,0.24,0.74,0.28,0.17,0.16,8311.98,8,540,Fair,bad
25,0.74,0.7,370.4,4,0.13,11,0.17,0.41,0.54,0.68,0.06,38349.69,12,718,Good,medium
16,0.73,0.66,1426.62,3,0.09,13,0.08,0.56,0.72,0.58,0.06,17529.1,14,754,Excellent,medium
18,0.66,0.7,646.13,4,0.07,10,0.15,0.39,0.75,0.64,0.06,32397.04,21,742,Good,medium
34,0.98,0.95,556.12,1,0.32,14,0.06,0.11,0.87,0.9,0.02,49510.24,24,900,Excellent,good
26,0.52,0.56,1136.49,2,0.17,8,0.09,0.5,0.5,0.75,0.06,19787.24,25,752,Excellent,medium
24,0.77,0.58,360.27,4,0.07,7,0.17,0.39,0.53,0.74,0.1,29257.81,20,716,Good,medium
8,0.32,0.22,384.53,5,0.03,6,0.19,0.75,0.16,0.49,0.17,11337.08,13,589,Fair,bad
8,0.15,0.28,182.41,5,0.05,4,0.29,0.88,0.21,0.42,0.14,17569.25,15,554,Fair,bad
7,0.48,0.2,259.63,5,0.03,6,0.28,0.85,0.35,0.19,0.16,12490.07,9,576,Fair,bad
22,0.87,0.87,1085.14,0,0.43,15,0.05,0.23,0.98,0.88,0.04,57019.52,34,900,Excellent,good
20,0.73,0.7,1039.49,4,0.13,13,0.18,0.32,0.69,0.59,0.11,32649.76,8,723,Good,medium
30,0.95,0.89,1433.02,0,0.41,14,0.02,0.33,0.91,0.92,0.01,62187.83,40,900,Excellent,good
28,0.71,0.73,852.39,3,0.2,12,0.13,0.49,0.58,0.77,0.05,23715.06,14,803,Excellent,medium
25,0.74,0.69,561.68,4,0.18,6,0.17,0.51,0.57,0.57,0.11,29310.19,29,759,Excellent,medium
2,0.49,0.17,279.13,6,0.03,5,0.21,0.88,0.28,0.32,0.19,7363.51,12,603,Good,bad
17,0.63,0.6,1049.08,4,0.14,12,0.08,0.39,0.69,0.72,0.08,26502.57,28,763,Excellent,medium
22,0.8,0.84,1199.0,0,0.43,13,0.01,0.13,0.9,0.86,0.04,60084.11,46,900,Excellent,good
24,0.78,0.9,1592.87,0,0.36,14,0.06,0.35,0.9,0.88,0.02,46569.32,45,900,Excellent,good
0,0.25,0.45,295.24,5,0.02,5,0.18,0.9,0.29,0.26,0.22,13676.4,10,596,Fair,bad
22,0.63,0.64,379.72,4,0.13,13,0.1,0.56,0.73,0.79,0.13,38333.24,29,765,Excellent,medium
43,0.89,0.9,2667.7,0,0.36,15,0.04,0.34,0.82,0.95,0.02,65665.71,49,900,Excellent,good
27,0.95,0.99,556.42,0,0.39,13,0.06,0.17,0.81,0.95,0.01,51622.22,32,900,Excellent,good
1,0.32,0.37,177.83,9,0.01,6,0.24,0.89,0.37,0.42,0.2,10260.5,9,571,Fair,bad
20,0.76,0.91,2973.04,1,0.44,12,0.06,0.16,0.95,0.93,0.05,53401.73,59,900,Excellent,good
8,0.18,0.31,258.58,6,0.07,6,0.26,0.6,0.37,0.3,0.28,16958.32,9,558,Fair,bad
5,0.14,0.5,286.69,8,0.06,6,0.21,0.92,0.29,0.35,0.27,9824.38,6,525,Fair,bad
35,0.93,0.9,685.44,1,0.43,16,0.05,0.32,0.78,0.99,0.02,35530.09,48,900,Excellent,good
42,0.91,0.83,1950.57,0,0.43,16,0.05,0.15,0.9,0.86,0.02,49093.19,48,900,Excellent,good
11,0.4,0.51,231.41,9,0.01,3,0.26,0.76,0.35,0.46,0.21,16715.31,7,579,Fair,bad
22,0.68,0.64,1478.68,3,0.18,12,0.11,0.49,0.52,0.56,0.09,23317.25,9,765,Excellent,medium
26,0.65,0.6,615.47,3,0.17,7,0.09,0.32,0.73,0.74,0.12,32908.13,20,738,Good,medium
8,0.36,0.12,286.44,9,0.02,6,0.22,0.66,0.34,0.38,0.28,9450.34,13,518,Fair,bad
9,0.4,0.51,122.07,7,0.01,4,0.25,0.74,0.14,0.41,0.26,9052.14,6,591,Fair,bad
9,0.4,0.16,364.74,7,0.07,1,0.24,0.89,0.44,0.21,0.25,6299.81,14,517,Fair,bad
3,0.24,0.1,243.86,5,0.0,6,0.23,0.66,0.32,0.12,0.16,14038.36,2,521,Fair,bad
22,0.52,0.66,430.63,3,0.14,7,0.09,0.33,0.62,0.78,0.1,28186.41,11,713,Good,medium
25,0.89,0.9,2317.44,1,0.2,19,0.05,0.13,0.94,0.99,0.03,55014.02,25,900,Excellent,good
3,0.16,0.39,138.46,8,0.04,2,0.27,0.65,0.44,0.46,0.17,12980.0,8,547,Fair,bad
28,0.53,0.74,855.06,2,0.18,10,0.11,0.4,0.51,0.64,0.12,37432.46,20,780,Excellent,medium
15,0.51,0.79,216.91,4,0.13,8,0.16,0.45,0.69,0.65,0.07,38866.0,17,741,Good,medium
7,0.28,0.38,195.51,9,0.01,4,0.21,0.75,0.42,0.2,0.21,12996.19,2,519,Fair,bad
43,0.84,0.91,2060.93,0,0.42,14,0.05,0.34,0.88,0.94,0.03,73463.33,35,900,Excellent,good
25,0.56,0.66,468.06,3,0.14,12,0.12,0.48,0.69,0.65,0.13,29207.98,20,725,Good,medium
21,0.91,0.96,1071.18,1,0.31,18,0.06,0.13,0.9,0.85,0.04,58053.52,25,900,Excellent,good
20,0.56,0.56,457.57,2,0.14,6,0.1,0.59,0.55,0.64,0.08,15211.29,15,703,Good,medium
26,0.98,0.97,1838.8,1,0.18,19,0.03,0.26,0.76,0.81,0.03,59733.0,51,900,Excellent,good
34,0.84,0.86,1500.39,1,0.4,14,0.06,0.21,0.87,0.96,0.04,57070.45,38,900,Excellent,good
22,0.89,0.84,1172.8,0,0.31,12,0.07,0.13,0.94,0.88,0.03,74629.28,34,900,Excellent,good
22,0.53,0.66,1042.19,4,0.09,9,0.1,0.39,0.68,0.58,0.11,17376.01,27,705,Good,medium
4,0.23,0.51,111.21,5,0.01,5,0.25,0.69,0.28,0.25,0.24,16716.37,1,564,Fair,bad
28,0.52,0.71,274.27,4,0.18,13,0.14,0.55,0.54,0.56,0.13,22873.33,27,771,Excellent,medium
11,0.11,0.22,109.84,6,0.07,5,0.3,0.8,0.16,0.46,0.22,6998.74,9,545,Fair,bad
12,0.71,0.61,770.27,3,0.11,10,0.12,0.54,0.73,0.71,0.07,21850.29,9,766,Excellent,medium
21,0.82,0.84,1638.32,0,0.37,12,0.05,0.27,0.77,0.98,0.03,51367.65,43,900,Excellent,good
8,0.37,0.45,219.65,8,0.05,2,0.28,0.66,0.37,0.18,0.18,9374.0,10,559,Fair,bad
39,0.93,0.84,526.68,0,0.32,17,0.01,0.25,0.84,0.95,0.04,73295.17,26,900,Excellent,good
11,0.12,0.29,382.65,6,0.06,4,0.27,0.87,0.2,0.29,0.25,10707.54,3,545,Fair,bad
31,0.91,0.95,1395.91,1,0.24,12,0.03,0.32,0.78,0.88,0.03,77212.42,25,900,Excellent,good
9,0.2,0.15,314.63,6,0.05,1,0.21,0.79,0.32,0.25,0.22,9079.17,1,477,Fair,bad
37,0.78,0.93,2151.82,0,0.29,17,0.01,0.32,0.96,0.88,0.03,78923.52,34,900,Excellent,good
11,0.28,0.35,344.87,6,0.06,1,0.19,0.87,0.33,0.18,0.22,14650.03,5,561,Fair,bad
25,0.74,0.55,827.55,8,0.17,6,0.1,0.35,0.65,0.62,0.2,17948.47,16,675,Good,medium
8,0.33,0.34,242.59,8,0.05,5,0.22,0.8,0.36,0.26,0.28,10401.41,13,557,Fair,bad
25,0.88,0.93,786.1,0,0.43,18,0.03,0.16,0.91,0.84,0.05,39751.93,58,900,Excellent,good
25,0.67,0.68,838.83,2,0.13,12,0.08,0.31,0.73,0.58,0.14,30483.71,25,750,Excellent,medium
2,0.22,0.37,186.45,5,0.06,5,0.19,0.9,0.21,0.1,0.18,9425.73,12,534,Fair,bad
15,0.62,0.64,469.47,2,0.12,13,0.14,0.39,0.66,0.57,0.07,25185.13,25,771,Excellent,medium
19,0.7,0.62,365.14,4,0.13,12,0.09,0.35,0.71,0.55,0.1,24486.53,27,756,Excellent,medium
11,0.53,0.79,654.86,4,0.15,8,0.08,0.48,0.65,0.6,0.09,34923.69,28,763,Excellent,medium
14,0.53,0.56,206.91,3,0.16,13,0.15,0.44,0.69,0.64,0.11,16014.9,10,742,Good,medium
17,0.55,0.59,625.95,2,0.08,12,0.12,0.57,0.51,0.63,0.1,30120.04,12,736,Good,medium
16,0.52,0.77,843.18,8,0.15,6,0.14,0.35,0.51,0.59,0.23,19482.41,16,701,Good,medium
11,0.46,0.38,369.26,8,0.08,2,0.27,0.59,0.3,0.43,0.2,17429.73,6,581,Fair,bad
29,0.81,0.93,1037.14,1,0.34,17,0.02,0.18,0.85,0.9,0.03,47180.36,36,900,Excellent,good
31,0.76,0.82,961.63,1,0.24,17,0.05,0.15,0.91,0.93,0.03,75662.8,29,900,Excellent,good
4,0.27,0.43,238.74,9,0.03,5,0.27,0.88,0.31,0.17,0.2,17584.94,15,585,Fair,bad
10,0.43,0.31,328.77,7,0.02,5,0.24,0.76,0.48,0.44,0.2,5134.49,5,561,Fair,bad
11,0.7,0.81,1321.86,4,0.08,6,0.12,0.51,0.67,0.68,0.09,22344.05,18,727,Good,medium
27,0.6,0.71,286.69,2,0.1,9,0.14,0.51,0.58,0.67,0.14,34167.63,26,790,Excellent,medium
38,0.94,0.93,1974.32,8,0.25,19,0.07,0.22,0.97,0.91,0.21,55451.72,29,862,Excellent,good
23,0.99,0.87,1630.46,1,0.44,18,0.06,0.24,0.93,0.83,0.03,46413.91,55,900,Excellent,good
15,0.54,0.63,351.94,2,0.07,13,0.08,0.36,0.66,0.57,0.13,39037.49,21,772,Excellent,medium
29,0.62,0.62,468.89,2,0.14,7,0.09,0.51,0.66,0.76,0.06,34641.67,14,744,Good,medium
26,0.71,0.67,1428.48,4,0.15,8,0.16,0.36,0.71,0.72,0.12,28317.14,21,747,Good,medium
34,0.82,0.8,1050.32,8,0.2,15,0.02,0.32,0.92,0.82,0.21,64414.54,52,805,Excellent,good
7,0.47,0.4,329.73,9,0.0,2,0.2,0.87,0.15,0.29,0.29,7415.82,4,526,Fair,bad
0,0.23,0.28,192.8,6,0.05,3,0.27,0.55,0.33,0.47,0.19,7411.84,2,546,Fair,bad
16,0.71,0.64,527.86,8,0.13,8,0.12,0.55,0.63,0.66,0.25,25660.15,17,720,Good,medium
16,0.53,0.66,728.59,2,0.14,12,0.09,0.39,0.77,0.73,0.11,35423.94,13,744,Good,medium
20,0.68,0.64,1260.61,4,0.12,9,0.08,0.59,0.77,0.64,0.06,19176.39,17,743,Good,medium
10,0.2,0.38,225.82,5,0.05,4,0.24,0.77,0.45,0.46,0.21,8567.36,9,567,Fair,bad
13,0.56,0.63,1499.11,3,0.16,7,0.14,0.39,0.56,0.59,0.08,17647.89,24,735,Good,medium
28,0.87,0.93,2618.39,8,0.38,19,0.06,0.29,0.88,0.9,0.27,58423.42,26,858,Excellent,good
6,0.43,0.47,246.32,7,0.02,1,0.2,0.7,0.23,0.27,0.23,16737.4,14,598,Fair,bad
3,0.43,0.44,203.64,6,0.02,3,0.24,0.65,0.44,0.32,0.3,15530.23,3,578,Fair,bad
10,0.34,0.35,348.15,9,0.03,4,0.21,0.76,0.27,0.28,0.15,14341.85,12,538,Fair,bad
8,0.28,0.33,161.06,6,0.07,3,0.3,0.55,0.44,0.47,0.29,5169.99,13,560,Fair,bad
27,0.74,0.81,376.71,4,0.1,12,0.09,0.45,0.67,0.59,0.09,37610.04,20,793,Excellent,medium
27,0.68,0.64,313.02,2,0.15,6,0.12,0.5,0.57,0.55,0.1,30143.99,10,724,Good,medium
7,0.29,0.34,378.37,6,0.05,6,0.21,0.66,0.29,0.4,0.22,5881.35,8,601,Good,bad
4,0.4,0.46,119.16,8,0.06,5,0.29,0.88,0.36,0.38,0.26,17253.84,12,587,Fair,bad
44,0.91,0.84,2143.3,0,0.23,19,0.06,0.23,0.98,0.85,0.03,55159.8,31,900,Excellent,good
33,0.85,0.81,1791.37,1,0.35,15,0.02,0.13,0.77,0.92,0.02,46314.36,37,900,Excellent,good
19,0.56,0.65,1161.49,3,0.13,12,0.08,0.54,0.57,0.61,0.1,16752.95,12,722,Good,medium
4,0.44,0.31,111.12,9,0.03,5,0.21,0.86,0.23,0.16,0.28,9015.19,13,534,Fair,bad
7,0.11,0.15,155.48,7,0.05,5,0.3,0.75,0.34,0.24,0.19,5300.91,4,501,Fair,bad
38,0.87,0.86,867.27,1,0.37,19,0.03,0.15,0.88,0.83,0.04,62240.46,30,900,Excellent,good
23,0.69,0.63,312.38,4,0.12,13,0.12,0.37,0.68,0.63,0.14,32573.69,13,730,Good,medium
15,0.75,0.71,280.02,4,0.07,7,0.17,0.31,0.64,0.7,0.13,16228.96,27,761,Excellent,medium
3,0.2,0.47,105.71,6,0.01,2,0.26,0.73,0.12,0.47,0.22,5376.96,9,569,Fair,bad
4,0.13,0.34,286.61,7,0.07,6,0.25,0.56,0.36,0.27,0.23,13438.05,7,545,Fair,bad
11,0.37,0.1,377.4,7,0.01,2,0.29,0.62,0.41,0.47,0.29,16884.03,15,541,Fair,bad
21,0.63,0.66,440.13,3,0.18,12,0.16,0.39,0.67,0.68,0.05,38555.84,28,798,Excellent,medium
11,0.77,0.76,1182.07,4,0.14,11,0.14,0.49,0.66,0.8,0.12,34423.66,21,813,Excellent,medium
31,0.88,0.81,2038.04,1,0.32,14,0.05,0.25,0.79,0.82,0.05,52717.36,59,900,Excellent,good
25,0.91,0.92,2108.88,1,0.2,19,0.03,0.18,0.86,0.87,0.04,76816.74,45,900,Excellent,good
0,0.21,0.45,101.6,9,0.07,2,0.26,0.89,0.33,0.44,0.18,11753.52,9,559,Fair,bad
4,0.32,0.38,277.57,7,0.04,4,0.25,0.66,0.13,0.27,0.23,9273.7,6,536,Fair,bad
8,0.36,0.37,266.03,8,0.06,6,0.28,0.83,0.29,0.28,0.24,13837.54,4,549,Fair,bad
11,0.48,0.43,212.18,8,0.07,5,0.18,0.65,0.36,0.44,0.23,11917.73,9,637,Good,bad
15,0.78,0.67,1057.28,2,0.1,8,0.15,0.49,0.67,0.62,0.11,34869.94,11,761,Excellent,medium
9,0.45,0.31,342.39,9,0.0,4,0.27,0.7,0.42,0.28,0.26,6396.89,1,527,Fair,bad
1,0.2,0.29,109.01,6,0.04,4,0.29,0.76,0.41,0.32,0.15,9095.11,7,532,Fair,bad
4,0.44,0.2,166.03,8,0.07,5,0.28,0.85,0.38,0.17,0.29,8589.54,12,533,Fair,bad
30,0.87,0.87,2351.95,1,0.32,18,0.05,0.15,0.83,0.89,0.02,68972.31,28,900,Excellent,good
14,0.74,0.56,692.55,3,0.08,7,0.15,0.45,0.74,0.62,0.06,38414.14,11,716,Good,medium
26,0.92,0.83,1228.23,0,0.4,17,0.02,0.28,0.98,0.9,0.03,55746.51,24,900,Excellent,good
7,0.34,0.51,381.33,8,0.02,5,0.24,0.81,0.44,0.26,0.29,10405.22,11,598,Fair,bad
23,0.58,0.76,917.89,3,0.13,13,0.12,0.49,0.61,0.6,0.14,27786.69,13,769,Excellent,medium
28,0.77,0.96,2461.26,1,0.31,13,0.06,0.26,0.82,0.92,0.02,49321.47,57,900,Excellent,good
17,0.57,0.68,560.1,4,0.09,6,0.08,0.38,0.62,0.56,0.12,30545.61,27,735,Good,medium
24,0.74,0.7,207.5,2,0.09,6,0.08,0.5,0.7,0.73,0.12,15001.32,20,755,Excellent,medium
29,0.75,0.68,467.83,3,0.19,8,0.13,0.42,0.75,0.58,0.13,27805.28,24,784,Excellent,medium
37,0.92,0.98,1438.44,1,0.43,12,0.06,0.1,0.9,0.91,0.02,55314.04,29,900,Excellent,good
13,0.77,0.8,723.39,3,0.13,8,0.15,0.44,0.53,0.78,0.09,33362.18,18,828,Excellent,medium
29,0.53,0.68,1096.95,3,0.16,8,0.13,0.34,0.57,0.66,0.07,21714.98,21,745,Good,medium
11,0.19,0.44,327.22,7,0.08,6,0.21,0.86,0.27,0.23,0.17,14949.32,3,564,Fair,bad
14,0.79,0.64,485.5,2,0.17,13,0.11,0.52,0.59,0.62,0.1,15592.91,13,796,Excellent,medium
8,0.47,0.45,293.1,8,0.07,2,0.26,0.87,0.47,0.29,0.23,10782.47,6,573,Fair,bad
15,0.74,0.8,328.04,2,0.13,8,0.11,0.32,0.55,0.74,0.09,37016.71,14,783,Excellent,medium
20,0.67,0.79,982.82,4,0.17,6,0.17,0.41,0.57,0.7,0.09,39729.64,10,744,Good,medium
0,0.49,0.45,153.48,5,0.04,5,0.2,0.7,0.37,0.17,0.23,14038.56,11,624,Good,bad
12,0.52,0.82,1178.12,2,0.11,11,0.16,0.33,0.6,0.77,0.07,16956.05,16,777,Excellent,medium
31,0.79,0.94,971.55,0,0.4,17,0.05,0.11,0.77,0.95,0.04,46038.71,55,900,Excellent,good
27,0.96,0.81,1116.72,8,0.36,14,0.06,0.17,0.75,0.86,0.29,51917.23,49,849,Excellent,good
2,0.37,0.24,121.15,9,0.06,1,0.27,0.7,0.1,0.1,0.21,11348.35,3,514,Fair,bad
26,0.59,0.55,324.81,2,0.14,10,0.14,0.33,0.7,0.56,0.06,22633.15,23,712,Good,medium
2,0.41,0.16,350.24,9,0.02,2,0.25,0.71,0.46,0.41,0.19,15974.72,10,531,Fair,bad
30,0.92,0.86,1243.73,0,0.34,15,0.02,0.1,0.92,0.83,0.01,45688.23,46,900,Excellent,good
32,0.76,0.98,2290.16,0,0.22,12,0.04,0.26,0.79,0.84,0.04,46531.47,48,900,Excellent,good
23,0.93,0.89,2532.96,0,0.37,16,0.06,0.23,0.84,0.89,0.04,74779.9,39,900,Excellent,good
16,0.76,0.63,337.74,4,0.16,9,0.14,0.54,0.75,0.71,0.05,19657.92,23,738,Good,medium
24,0.6,0.6,1041.19,2,0.15,11,0.12,0.59,0.56,0.68,0.12,28921.11,19,770,Excellent,medium
23,0.64,0.57,991.7,3,0.15,9,0.13,0.46,0.52,0.72,0.11,19725.43,17,723,Good,medium
29,0.6,0.71,1420.84,4,0.11,7,0.12,0.57,0.53,0.8,0.14,16956.86,27,730,Good,medium
2,0.19,0.11,281.23,5,0.0,3,0.19,0.63,0.21,0.41,0.17,5573.2,5,524,Fair,bad
17,0.53,0.74,639.33,3,0.15,7,0.1,0.49,0.58,0.68,0.12,37043.06,27,751,Excellent,medium
21,0.66,0.65,642.36,2,0.13,9,0.12,0.55,0.61,0.58,0.06,16283.36,23,742,Good,medium
9,0.16,0.5,221.62,7,0.01,5,0.2,0.72,0.13,0.3,0.21,14973.19,13,580,Fair,bad
17,0.57,0.75,1120.22,8,0.12,7,0.08,0.32,0.55,0.78,0.24,34698.52,29,708,Good,medium
17,0.71,0.62,1374.43,4,0.2,7,0.16,0.51,0.76,0.73,0.07,26053.9,22,745,Good,medium
8,0.4,0.26,199.09,5,0.0,5,0.29,0.89,0.36,0.22,0.29,8582.24,5,550,Fair,bad
1,0.42,0.18,300.38,6,0.01,6,0.2,0.72,0.42,0.49,0.19,11915.42,1,560,Fair,bad
33,0.86,0.93,2804.47,0,0.44,15,0.07,0.33,0.81,0.88,0.04,51162.28,47,900,Excellent,good
2,0.28,0.39,216.39,6,0.03,4,0.25,0.93,0.13,0.3,0.19,11608.05,1,550,Fair,bad
23,0.75,0.7,785.76,3,0.12,12,0.11,0.55,0.77,0.66,0.09,36163.77,28,791,Excellent,medium
38,0.88,0.95,2451.83,0,0.32,19,0.06,0.19,0.79,0.8,0.03,50859.47,41,900,Excellent,good
26,0.58,0.61,824.93,2,0.07,8,0.1,0.35,0.7,0.74,0.09,32852.18,12,733,Good,medium
7,0.18,0.18,137.7,8,0.02,4,0.22,0.89,0.26,0.39,0.22,13085.51,3,497,Fair,bad
17,0.63,0.67,872.98,2,0.1,7,0.11,0.5,0.68,0.78,0.13,31186.17,9,739,Good,medium
21,0.57,0.57,290.86,2,0.14,6,0.07,0.52,0.68,0.73,0.08,35512.41,13,749,Good,medium
16,0.55,0.76,640.44,2,0.09,13,0.16,0.44,0.65,0.8,0.09,30385.02,24,786,Excellent,medium
44,0.88,0.95,723.02,0,0.19,12,0.01,0.16,0.87,0.8,0.02,58131.39,24,895,Excellent,good
24,0.85,0.98,2462.21,1,0.44,13,0.05,0.24,0.94,0.94,0.04,79387.2,59,900,Excellent,good
26,0.89,0.89,1411.02,1,0.36,16,0.06,0.27,0.8,0.89,0.04,56406.68,39,900,Excellent,good
21,0.85,0.97,906.42,1,0.43,15,0.01,0.32,0.81,0.94,0.04,73654.39,35,900,Excellent,good
33,0.96,0.89,696.32,1,0.27,18,0.02,0.31,0.88,0.98,0.04,66183.73,37,900,Excellent,good
26,0.97,0.83,1215.15,1,0.37,17,0.02,0.25,0.77,0.81,0.02,67429.9,25,900,Excellent,good
14,0.57,0.74,680.93,4,0.17,12,0.13,0.36,0.56,0.8,0.12,33706.92,27,798,Excellent,medium
28,0.8,0.96,2356.83,0,0.28,14,0.03,0.33,0.83,0.98,0.05,63373.45,43,900,Excellent,good
11,0.58,0.81,677.27,4,0.13,13,0.13,0.31,0.65,0.71,0.07,29473.43,9,798,Excellent,medium
8,0.41,0.23,270.33,6,0.0,2,0.24,0.82,0.43,0.4,0.29,5700.68,8,525,Fair,bad
11,0.65,0.67,866.16,3,0.14,7,0.1,0.35,0.6,0.74,0.12,31672.63,27,757,Excellent,medium
27,0.67,0.68,914.97,3,0.12,10,0.15,0.33,0.71,0.58,0.06,39401.99,9,768,Excellent,medium
21,0.87,0.96,2876.53,0,0.21,19,0.05,0.18,0.97,0.97,0.03,49615.95,58,900,Excellent,good
29,0.87,0.97,2587.56,1,0.42,13,0.04,0.16,0.91,0.94,0.02,76150.01,50,900,Excellent,good
35,0.93,0.93,1994.78,9,0.27,14,0.05,0.2,0.88,0.88,0.26,62184.9,50,861,Excellent,good
42,0.93,0.83,2780.57,0,0.34,18,0.05,0.1,0.99,0.97,0.05,64666.0,51,900,Excellent,good
32,0.77,0.98,851.93,0,0.26,18,0.06,0.25,0.81,0.8,0.04,79334.33,39,900,Excellent,good
38,0.97,0.88,1812.34,1,0.27,17,0.06,0.23,0.83,0.85,0.01,61243.78,31,900,Excellent,good
39,0.93,0.9,2735.14,0,0.45,13,0.05,0.18,0.99,0.85,0.02,54896.94,26,900,Excellent,good
21,0.89,0.91,2139.49,0,0.39,17,0.05,0.28,0.85,0.94,0.02,44957.45,55,900,Excellent,good
10,0.62,0.62,593.37,2,0.14,12,0.14,0.59,0.59,0.73,0.07,21530.0,16,768,Excellent,medium
21,0.79,0.85,589.37,0,0.19,12,0.02,0.14,0.77,0.92,0.01,68942.7,50,900,Excellent,good
20,0.52,0.77,840.95,3,0.07,6,0.15,0.6,0.57,0.71,0.09,15986.3,11,749,Good,medium
29,0.7,0.57,599.66,2,0.13,12,0.17,0.41,0.52,0.77,0.13,36368.65,27,771,Excellent,medium
15,0.65,0.68,900.4,3,0.1,6,0.08,0.44,0.73,0.76,0.09,27970.21,24,760,Excellent,medium
20,0.86,0.97,1654.59,1,0.22,12,0.04,0.21,0.96,0.9,0.04,56119.55,25,867,Excellent,good
6,0.46,0.24,144.26,8,0.0,1,0.2,0.8,0.21,0.11,0.28,7949.71,11,507,Fair,bad
28,0.57,0.74,977.31,4,0.11,10,0.18,0.52,0.68,0.73,0.09,27630.66,24,758,Excellent,medium
32,0.98,0.93,1755.75,1,0.33,13,0.03,0.17,0.81,0.97,0.04,63393.67,25,900,Excellent,good
10,0.34,0.27,213.89,9,0.03,3,0.26,0.73,0.47,0.13,0.2,10447.97,9,496,Fair,bad
11,0.23,0.4,252.98,5,0.01,5,0.19,0.89,0.45,0.23,0.29,15309.11,2,566,Fair,bad
21,0.81,0.97,960.66,0,0.2,15,0.03,0.23,0.92,0.98,0.01,77946.62,49,900,Excellent,good
29,0.94,0.94,1741.93,1,0.31,15,0.01,0.25,0.94,0.91,0.05,55513.99,49,900,Excellent,good
0,0.14,0.28,129.6,7,0.05,3,0.22,0.82,0.28,0.49,0.28,9667.92,6,543,Fair,bad
2,0.25,0.13,314.04,5,0.07,4,0.18,0.81,0.26,0.22,0.29,7506.44,5,534,Fair,bad
30,0.85,0.91,700.84,0,0.23,17,0.06,0.16,0.85,0.95,0.05,37683.15,24,900,Excellent,good
32,0.77,0.93,916.04,0,0.43,17,0.04,0.19,0.96,0.82,0.03,41392.77,59,900,Excellent,good
11,0.76,0.61,210.44,4,0.13,9,0.09,0.39,0.71,0.67,0.08,30565.65,29,764,Excellent,medium
28,0.79,0.78,202.78,3,0.13,9,0.11,0.48,0.67,0.64,0.13,27580.71,22,771,Excellent,medium
20,0.65,0.6,866.99,3,0.17,7,0.16,0.51,0.57,0.77,0.13,19853.82,28,746,Good,medium
27,0.64,0.81,1301.75,4,0.14,13,0.12,0.49,0.58,0.79,0.1,24985.04,24,805,Excellent,medium
27,0.58,0.71,993.23,4,0.18,12,0.16,0.37,0.58,0.78,0.12,32444.93,22,744,Good,medium
2,0.34,0.24,334.28,9,0.03,3,0.28,0.7,0.21,0.46,0.3,13714.6,13,532,Fair,bad
33,0.93,0.87,1582.42,1,0.27,19,0.07,0.26,0.83,0.83,0.02,46493.47,48,900,Excellent,good
37,0.89,0.85,2701.37,9,0.4,13,0.03,0.14,0.89,0.83,0.22,55743.74,32,832,Excellent,good
6,0.48,0.18,130.98,7,0.04,2,0.25,0.89,0.36,0.18,0.21,16834.5,6,503,Fair,bad
2,0.4,0.21,224.41,9,0.0,3,0.19,0.88,0.41,0.31,0.16,5332.53,1,517,Fair,bad
14,0.71,0.63,862.33,3,0.15,13,0.14,0.54,0.56,0.57,0.1,16553.14,16,767,Excellent,medium
25,0.52,0.62,1250.31,2,0.11,6,0.16,0.4,0.59,0.69,0.13,20597.66,15,675,Good,medium
25,0.77,0.82,2566.6,0,0.34,15,0.05,0.32,0.76,0.91,0.04,52916.97,52,892,Excellent,good
28,0.79,0.71,1265.37,4,0.08,6,0.15,0.57,0.61,0.79,0.13,22412.54,20,739,Good,medium
23,0.62,0.71,958.4,4,0.08,12,0.08,0.56,0.59,0.79,0.06,38956.28,13,770,Excellent,medium
34,0.84,0.86,1128.86,1,0.41,17,0.02,0.16,0.82,0.89,0.04,73526.58,29,900,Excellent,good
20,0.84,0.97,524.65,1,0.32,13,0.02,0.18,0.8,0.97,0.03,60339.24,58,900,Excellent,good
29,0.7,0.57,932.94,3,0.1,11,0.11,0.4,0.76,0.65,0.14,15604.26,21,737,Good,medium
34,0.93,0.83,1370.69,0,0.4,12,0.07,0.32,0.78,0.83,0.02,48083.47,31,900,Excellent,good
26,0.75,0.69,470.83,3,0.15,12,0.15,0.37,0.6,0.64,0.14,26098.62,16,766,Excellent,medium
30,0.89,0.97,1687.99,1,0.32,17,0.01,0.32,0.95,0.99,0.04,77150.96,33,900,Excellent,good
29,0.55,0.7,557.04,2,0.14,7,0.15,0.52,0.64,0.73,0.09,31287.23,17,773,Excellent,medium
28,0.85,0.89,1141.02,1,0.24,15,0.02,0.29,0.85,0.93,0.03,77782.07,29,900,Excellent,good
5,0.26,0.19,354.02,8,0.06,2,0.2,0.64,0.41,0.45,0.15,5421.98,7,553,Fair,bad
13,0.56,0.67,415.47,4,0.08,11,0.13,0.49,0.65,0.72,0.06,28875.46,16,755,Excellent,medium
10,0.53,0.82,548.2,3,0.09,8,0.12,0.35,0.68,0.64,0.13,33913.82,18,739,Good,medium
8,0.18,0.43,245.92,7,0.04,5,0.2,0.86,0.19,0.31,0.21,12534.94,12,567,Fair,bad
19,0.68,0.7,1046.74,2,0.17,7,0.09,0.53,0.59,0.73,0.05,25196.5,15,753,Excellent,medium
36,0.94,0.92,1968.9,0,0.44,13,0.05,0.22,0.92,0.88,0.02,44627.02,29,900,Excellent,good
21,0.56,0.81,853.12,4,0.11,8,0.15,0.33,0.56,0.55,0.11,23610.96,16,745,Good,medium
14,0.71,0.73,455.03,3,0.12,12,0.07,0.51,0.68,0.65,0.1,38679.23,22,785,Excellent,medium
11,0.22,0.33,332.98,7,0.06,3,0.21,0.65,0.46,0.35,0.16,14389.23,4,545,Fair,bad
13,0.52,0.81,367.15,3,0.14,9,0.11,0.36,0.53,0.79,0.07,16496.87,12,770,Excellent,medium
34,0.89,0.88,2429.91,1,0.41,12,0.06,0.23,0.88,0.82,0.02,65464.98,25,900,Excellent,good
37,0.87,0.96,761.18,0,0.26,14,0.02,0.29,0.87,0.91,0.03,55715.18,35,900,Excellent,good
27,0.51,0.75,882.63,3,0.08,13,0.18,0.6,0.71,0.73,0.07,35838.49,10,764,Excellent,medium
13,0.52,0.67,922.59,3,0.15,13,0.14,0.53,0.68,0.61,0.12,21422.45,20,742,Good,medium
25,0.66,0.63,843.0,3,0.09,6,0.16,0.5,0.65,0.75,0.09,22499.35,16,749,Good,medium
17,0.78,0.59,434.02,2,0.15,13,0.1,0.38,0.67,0.68,0.06,17037.25,19,789,Excellent,medium
1,0.1,0.3,224.33,6,0.07,2,0.28,0.64,0.2,0.11,0.19,12600.09,13,551,Fair,bad
15,0.56,0.56,226.36,3,0.1,6,0.1,0.4,0.6,0.72,0.06,38227.91,22,712,Good,medium
44,0.79,0.81,2864.58,0,0.29,13,0.03,0.31,0.91,0.88,0.04,75367.13,34,896,Excellent,good
37,0.89,0.92,986.55,0,0.29,14,0.02,0.27,0.93,0.89,0.05,68149.55,51,900,Excellent,good
40,0.96,0.87,1249.71,1,0.42,18,0.01,0.32,0.91,0.93,0.03,73214.86,59,900,Excellent,good
26,0.84,0.98,2246.64,0,0.42,14,0.04,0.13,0.89,0.86,0.01,77689.53,46,900,Excellent,good
39,0.81,0.97,1488.14,0,0.42,18,0.04,0.15,0.96,0.81,0.05,37273.41,27,900,Excellent,good
22,0.86,0.91,873.46,0,0.21,18,0.01,0.17,0.75,0.88,0.04,70944.73,51,900,Excellent,good
31,0.94,0.91,2239.1,0,0.21,12,0.03,0.28,0.76,0.87,0.03,42507.72,41,900,Excellent,good
20,0.96,0.83,1988.7,9,0.34,18,0.03,0.19,0.78,0.85,0.22,67430.05,38,856,Excellent,good
1,0.31,0.21,373.48,7,0.08,2,0.22,0.76,0.26,0.21,0.16,15649.14,12,532,Fair,bad
34,0.84,0.92,2296.1,1,0.31,14,0.04,0.21,0.91,0.98,0.04,36800.59,38,900,Excellent,good
17,0.5,0.57,1490.72,3,0.12,12,0.15,0.33,0.72,0.68,0.08,31394.43,23,724,Good,medium
10,0.51,0.67,940.37,9,0.18,6,0.13,0.53,0.62,0.74,0.26,24276.62,26,691,Good,medium
5,0.26,0.46,322.73,6,0.05,6,0.23,0.73,0.2,0.36,0.2,15219.31,6,595,Fair,bad
36,0.8,0.82,2050.08,0,0.31,15,0.01,0.3,0.94,0.83,0.04,54509.53,42,900,Excellent,good
27,0.7,0.73,527.85,4,0.19,8,0.15,0.4,0.65,0.57,0.07,27145.51,22,759,Excellent,medium
6,0.48,0.39,382.12,8,0.03,3,0.3,0.81,0.11,0.39,0.28,15342.54,6,549,Fair,bad
9,0.21,0.37,282.29,8,0.03,4,0.25,0.6,0.2,0.43,0.19,11344.78,15,544,Fair,bad
11,0.26,0.35,326.6,8,0.07,3,0.21,0.6,0.45,0.5,0.23,5499.63,7,563,Fair,bad
22,0.77,0.88,2412.12,1,0.37,18,0.04,0.28,0.98,0.85,0.03,70818.8,24,900,Excellent,good
32,0.79,0.9,1822.76,0,0.33,19,0.03,0.16,0.96,0.83,0.03,43422.79,44,900,Excellent,good
20,0.72,0.79,1372.26,4,0.19,10,0.07,0.41,0.75,0.62,0.07,22565.56,19,755,Excellent,medium
3,0.46,0.38,161.34,9,0.01,4,0.26,0.65,0.43,0.27,0.15,8179.96,7,545,Fair,bad
29,0.77,0.72,488.98,9,0.19,7,0.08,0.48,0.56,0.78,0.23,20598.46,25,710,Good,medium
18,0.54,0.73,478.27,3,0.1,7,0.15,0.49,0.58,0.62,0.14,39691.78,21,743,Good,medium
35,0.76,0.83,2595.74,0,0.34,18,0.02,0.26,0.94,0.96,0.01,65801.38,57,900,Excellent,good
6,0.16,0.42,120.5,7,0.02,5,0.29,0.69,0.29,0.29,0.17,12674.06,11,541,Fair,bad
41,0.92,0.95,1733.72,0,0.44,17,0.06,0.25,0.92,0.84,0.05,53183.62,50,900,Excellent,good
24,0.73,0.81,616.07,3,0.17,7,0.07,0.36,0.71,0.78,0.06,28947.52,8,798,Excellent,medium
21,0.58,0.6,1347.87,3,0.1,7,0.1,0.41,0.51,0.73,0.08,22833.1,11,715,Good,medium
11,0.5,0.6,1048.28,2,0.13,12,0.1,0.53,0.69,0.63,0.1,18681.85,15,755,Excellent,medium
24,0.9,0.89,2724.91,0,0.29,17,0.06,0.12,0.95,0.93,0.01,65738.61,32,900,Excellent,good
31,0.88,0.93,1150.29,1,0.3,17,0.06,0.19,0.77,0.93,0.01,56388.18,43,900,Excellent,good
11,0.6,0.79,328.53,3,0.14,7,0.18,0.49,0.66,0.73,0.09,33951.84,22,774,Excellent,medium
29,0.9,0.8,1498.77,1,0.35,19,0.04,0.18,0.97,0.97,0.02,38653.45,48,900,Excellent,good
22,0.71,0.61,1314.86,3,0.18,9,0.18,0.43,0.7,0.6,0.1,33152.65,13,748,Good,medium
36,0.89,0.87,1894.11,0,0.33,15,0.03,0.19,0.85,0.94,0.03,77314.23,46,900,Excellent,good
18,0.66,0.56,718.18,3,0.13,10,0.1,0.57,0.69,0.64,0.1,36013.4,21,753,Excellent,medium
18,0.65,0.72,204.6,3,0.18,8,0.11,0.35,0.61,0.75,0.12,38394.92,11,790,Excellent,medium
37,0.89,0.94,776.45,1,0.34,19,0.05,0.34,0.77,0.97,0.02,52683.15,27,900,Excellent,good
16,0.68,0.74,1282.59,4,0.18,12,0.12,0.39,0.67,0.56,0.06,36629.77,14,788,Excellent,medium
33,0.93,0.9,1056.87,0,0.4,19,0.03,0.18,0.83,0.82,0.01,37092.32,52,900,Excellent,good
20,0.87,0.82,2385.94,1,0.32,12,0.02,0.17,0.94,0.83,0.04,76284.16,37,900,Excellent,good
6,0.39,0.37,299.13,8,0.03,5,0.27,0.82,0.28,0.46,0.19,8826.18,4,569,Fair,bad
20,0.65,0.59,479.59,4,0.19,12,0.16,0.58,0.73,0.64,0.12,23786.04,29,755,Excellent,medium
8,0.24,0.19,378.64,6,0.06,1,0.21,0.58,0.12,0.15,0.15,14887.26,1,526,Fair,bad
35,0.89,0.85,693.99,1,0.42,12,0.01,0.31,0.92,0.95,0.04,40521.97,31,900,Excellent,good
19,0.53,0.65,723.86,3,0.18,7,0.11,0.45,0.77,0.74,0.09,16359.15,24,733,Good,medium
4,0.43,0.26,261.55,8,0.05,1,0.21,0.57,0.22,0.38,0.29,6001.42,14,532,Fair,bad
26,0.62,0.66,424.01,4,0.15,7,0.11,0.32,0.75,0.6,0.12,22055.71,13,716,Good,medium
18,0.6,0.73,563.47,2,0.17,7,0.17,0.31,0.55,0.58,0.07,39254.69,28,758,Excellent,medium
24,0.6,0.65,972.73,4,0.1,7,0.16,0.34,0.69,0.65,0.07,25068.84,9,719,Good,medium
14,0.59,0.58,1324.06,4,0.08,9,0.13,0.42,0.55,0.74,0.06,17596.84,9,740,Good,medium
1,0.28,0.4,287.03,9,0.07,5,0.22,0.68,0.27,0.22,0.3,15582.68,1,528,Fair,bad
1,0.12,0.47,314.57,8,0.07,4,0.27,0.78,0.46,0.45,0.19,6100.15,2,545,Fair,bad
10,0.2,0.28,290.22,5,0.06,3,0.18,0.56,0.1,0.14,0.18,7875.88,8,550,Fair,bad
24,0.76,0.83,1460.29,0,0.26,12,0.07,0.28,0.92,0.82,0.04,68270.49,53,900,Excellent,good
10,0.29,0.16,218.52,5,0.02,6,0.3,0.95,0.14,0.39,0.15,5392.5,4,549,Fair,bad
6,0.48,0.18,148.5,6,0.02,1,0.21,0.85,0.22,0.47,0.25,10672.57,7,546,Fair,bad
27,0.97,0.83,605.38,1,0.39,17,0.06,0.33,0.88,0.82,0.03,70027.8,41,900,Excellent,good
27,0.75,0.91,2716.84,0,0.32,18,0.01,0.33,0.95,0.86,0.05,47957.2,55,900,Excellent,good
7,0.31,0.25,337.67,5,0.07,1,0.26,0.74,0.32,0.5,0.24,15213.03,13,568,Fair,bad
29,0.64,0.68,808.22,2,0.1,8,0.16,0.43,0.68,0.76,0.09,20417.17,20,787,Excellent,medium
10,0.37,0.12,137.18,5,0.03,4,0.24,0.74,0.31,0.43,0.25,13619.82,5,536,Fair,bad
31,0.85,0.98,2988.87,1,0.31,16,0.02,0.2,0.96,0.94,0.05,62709.93,41,900,Excellent,good
5,0.19,0.14,393.83,9,0.07,1,0.22,0.89,0.33,0.31,0.26,15602.58,8,484,Fair,bad
35,0.94,0.9,2260.97,1,0.31,17,0.03,0.15,0.81,0.94,0.02,42802.52,36,900,Excellent,good
29,0.98,0.9,2784.54,0,0.22,14,0.03,0.15,0.88,0.89,0.05,39501.43,33,900,Excellent,good
37,0.83,0.87,2056.48,0,0.3,13,0.04,0.33,0.86,0.85,0.02,35168.53,43,882,Excellent,good
6,0.21,0.17,332.42,8,0.0,3,0.2,0.93,0.11,0.49,0.14,16357.69,7,497,Fair,bad
29,0.52,0.62,1205.78,4,0.08,6,0.12,0.56,0.63,0.79,0.14,23228.42,22,707,Good,medium
18,0.52,0.78,426.91,3,0.11,12,0.13,0.56,0.77,0.66,0.06,33727.89,18,781,Excellent,medium
27,0.65,0.64,1184.12,4,0.1,11,0.13,0.37,0.74,0.69,0.07,30587.7,28,779,Excellent,medium
0,0.49,0.44,147.98,6,0.04,6,0.27,0.85,0.29,0.42,0.21,6610.45,6,617,Good,bad
14,0.56,0.58,446.47,2,0.13,9,0.11,0.47,0.68,0.79,0.06,25447.94,14,761,Excellent,medium
7,0.36,0.29,301.33,6,0.05,1,0.19,0.63,0.13,0.22,0.24,12360.42,10,545,Fair,bad
22,0.58,0.62,378.18,4,0.17,10,0.09,0.35,0.74,0.74,0.11,25171.6,25,738,Good,medium
11,0.73,0.63,754.52,2,0.19,11,0.15,0.38,0.73,0.8,0.06,26825.88,17,801,Excellent,medium
29,0.6,0.67,973.46,4,0.11,7,0.17,0.38,0.78,0.72,0.09,30334.76,11,737,Good,medium
15,0.6,0.76,990.36,2,0.15,6,0.14,0.59,0.69,0.59,0.09,31212.44,24,759,Excellent,medium
8,0.2,0.28,246.23,7,0.02,4,0.18,0.58,0.25,0.16,0.2,13166.37,3,533,Fair,bad
25,0.76,0.75,919.42,3,0.08,12,0.17,0.31,0.78,0.72,0.11,15949.95,8,786,Excellent,medium
23,0.95,0.9,2009.62,0,0.2,14,0.07,0.26,0.95,0.81,0.05,43501.63,29,875,Excellent,good
7,0.42,0.17,187.85,6,0.08,1,0.2,0.81,0.47,0.45,0.28,17139.63,15,569,Fair,bad
29,0.72,0.62,1007.74,4,0.2,6,0.12,0.34,0.5,0.72,0.1,23274.07,22,745,Good,medium
12,0.61,0.68,806.61,2,0.18,6,0.14,0.59,0.53,0.6,0.09,39215.35,21,739,Good,medium
0,0.4,0.12,380.79,5,0.01,5,0.19,0.56,0.14,0.18,0.3,13682.18,1,515,Fair,bad
23,0.79,0.63,1487.31,2,0.12,7,0.12,0.52,0.63,0.57,0.07,34782.44,24,784,Excellent,medium
41,0.79,0.96,2901.85,0,0.27,19,0.06,0.3,0.9,0.98,0.04,44719.34,58,900,Excellent,good
3,0.34,0.43,201.69,7,0.07,2,0.23,0.95,0.28,0.2,0.28,11383.88,2,544,Fair,bad
21,0.61,0.8,966.36,4,0.11,11,0.17,0.38,0.64,0.79,0.07,32991.6,15,765,Excellent,medium
14,0.63,0.6,210.8,4,0.19,13,0.18,0.34,0.66,0.6,0.12,34592.57,25,722,Good,medium
42,0.77,0.82,728.54,0,0.27,15,0.06,0.2,0.92,0.84,0.05,50749.89,46,894,Excellent,good
7,0.36,0.15,101.7,8,0.02,3,0.28,0.65,0.22,0.31,0.17,15545.03,10,556,Fair,bad
17,0.73,0.67,527.61,4,0.08,9,0.09,0.55,0.6,0.62,0.13,16253.6,10,738,Good,medium
29,0.71,0.69,1371.13,4,0.17,6,0.13,0.45,0.63,0.6,0.12,26283.4,27,744,Good,medium
0,0.37,0.5,299.04,8,0.01,5,0.25,0.84,0.1,0.2,0.23,11927.36,7,566,Fair,bad
11,0.16,0.14,133.66,5,0.06,5,0.25,0.83,0.46,0.37,0.18,12417.28,10,547,Fair,bad
20,0.87,0.96,2129.5,0,0.19,15,0.04,0.1,0.83,0.87,0.03,79070.75,29,900,Excellent,good
22,0.57,0.58,207.91,2,0.18,10,0.15,0.39,0.75,0.75,0.05,35421.51,27,752,Excellent,medium
20,0.86,0.88,1222.22,0,0.43,14,0.07,0.29,0.82,0.85,0.02,41151.28,59,900,Excellent,good
1,0.37,0.33,220.28,7,0.03,2,0.23,0.7,0.11,0.28,0.14,12414.54,2,551,Fair,bad
44,0.89,0.86,1790.58,1,0.27,17,0.05,0.33,0.82,0.92,0.04,58031.29,35,900,Excellent,good
24,0.64,0.62,304.12,3,0.11,11,0.1,0.39,0.6,0.8,0.12,16785.03,28,779,Excellent,medium
3,0.46,0.24,239.36,7,0.03,5,0.25,0.56,0.1,0.35,0.17,7494.54,9,533,Fair,bad
3,0.33,0.38,316.34,8,0.01,3,0.23,0.93,0.18,0.2,0.16,12872.41,9,570,Fair,bad
29,0.72,0.66,882.97,4,0.16,12,0.1,0.49,0.66,0.75,0.08,33898.18,13,783,Excellent,medium
11,0.37,0.48,185.55,8,0.05,6,0.26,0.77,0.29,0.22,0.26,7103.05,11,577,Fair,bad
40,0.79,0.82,1453.28,1,0.4,14,0.01,0.26,0.91,0.9,0.04,45516.08,54,900,Excellent,good
8,0.21,0.3,332.59,8,0.05,3,0.24,0.74,0.25,0.43,0.21,12847.38,1,532,Fair,bad
41,0.96,0.85,587.46,1,0.38,15,0.06,0.26,0.77,0.83,0.02,63368.98,49,900,Excellent,good
13,0.57,0.65,1389.06,2,0.08,8,0.12,0.31,0.52,0.68,0.11,20383.26,14,758,Excellent,medium
8,0.26,0.38,329.2,8,0.0,5,0.23,0.62,0.18,0.38,0.25,10129.86,9,535,Fair,bad
38,0.97,0.9,1118.36,1,0.25,17,0.06,0.21,0.88,0.98,0.01,73803.46,52,900,Excellent,good
36,0.8,0.91,1896.43,0,0.19,17,0.05,0.28,0.79,0.97,0.02,45025.32,58,900,Excellent,good
0,0.47,0.37,151.88,8,0.06,6,0.27,0.76,0.41,0.39,0.24,6960.31,4,567,Fair,bad
11,0.15,0.31,177.67,5,0.06,2,0.28,0.85,0.28,0.12,0.24,10287.41,15,545,Fair,bad
19,0.77,0.76,273.29,4,0.08,9,0.13,0.33,0.75,0.78,0.11,38154.72,10,802,Excellent,medium
26,0.67,0.63,483.14,8,0.14,12,0.09,0.38,0.63,0.61,0.26,38079.4,18,691,Good,medium
26,0.66,0.69,323.2,4,0.09,6,0.08,0.54,0.73,0.75,0.12,34832.82,28,749,Good,medium
27,0.87,0.87,2325.49,0,0.29,16,0.04,0.17,0.98,0.85,0.02,42271.44,30,900,Excellent,good
20,0.56,0.6,1152.41,9,0.17,10,0.09,0.34,0.68,0.55,0.24,24738.83,24,684,Good,medium
37,0.84,0.86,935.89,0,0.34,18,0.03,0.34,0.95,0.89,0.04,54574.29,48,900,Excellent,good
9,0.43,0.45,171.12,7,0.04,6,0.27,0.79,0.14,0.26,0.22,17945.99,7,588,Fair,bad
24,0.61,0.6,738.34,4,0.1,11,0.14,0.58,0.55,0.74,0.05,24387.43,19,723,Good,medium
21,0.67,0.61,1094.54,4,0.1,9,0.13,0.37,0.75,0.79,0.12,28569.34,28,720,Good,medium
27,0.66,0.68,1243.14,4,0.18,8,0.11,0.4,0.66,0.62,0.06,31342.07,25,759,Excellent,medium
2,0.16,0.46,219.99,9,0.01,3,0.28,0.72,0.12,0.32,0.17,17551.73,11,554,Fair,bad
20,0.97,0.92,1256.82,1,0.38,13,0.06,0.3,0.98,0.81,0.02,38609.35,25,900,Excellent,good
19,0.62,0.74,833.12,4,0.08,7,0.17,0.42,0.59,0.63,0.07,36517.22,17,761,Excellent,medium
21,0.59,0.79,1228.07,3,0.17,11,0.11,0.47,0.58,0.65,0.12,21098.31,26,779,Excellent,medium
22,0.56,0.67,1421.33,4,0.15,11,0.12,0.46,0.68,0.75,0.09,35437.02,25,767,Excellent,medium
41,0.84,0.92,662.31,1,0.26,15,0.05,0.3,0.91,0.84,0.01,72327.08,57,900,Excellent,good
4,0.22,0.29,136.17,5,0.07,4,0.24,0.73,0.47,0.12,0.17,13417.6,2,547,Fair,bad
2,0.49,0.47,383.67,5,0.07,6,0.2,0.8,0.37,0.16,0.24,5681.99,1,603,Good,bad
17,0.76,0.57,662.2,3,0.07,12,0.1,0.53,0.65,0.76,0.06,38013.85,8,742,Good,medium
19,0.76,0.65,256.18,4,0.15,8,0.17,0.41,0.5,0.72,0.14,39140.64,17,744,Good,medium
2,0.4,0.18,387.7,5,0.06,6,0.23,0.94,0.32,0.45,0.29,13779.61,2,577,Fair,bad
10,0.12,0.18,155.8,5,0.05,5,0.22,0.72,0.14,0.12,0.25,11985.35,4,549,Fair,bad
30,0.9,0.98,2599.06,0,0.43,12,0.02,0.24,0.99,0.9,0.05,53330.07,26,900,Excellent,good
28,0.68,0.62,242.23,2,0.11,13,0.09,0.35,0.7,0.79,0.07,34328.72,13,785,Excellent,medium
26,0.66,0.79,1427.77,3,0.19,12,0.18,0.38,0.69,0.61,0.08,19781.97,22,793,Excellent,medium
23,0.6,0.81,1103.46,2,0.11,11,0.11,0.35,0.53,0.78,0.14,19102.86,15,776,Excellent,medium
1,0.22,0.18,332.28,9,0.05,6,0.29,0.94,0.17,0.19,0.22,6186.26,8,496,Fair,bad
9,0.31,0.24,262.73,7,0.07,2,0.26,0.91,0.29,0.24,0.17,16268.23,8,549,Fair,bad
9,0.33,0.11,178.97,5,0.08,6,0.22,0.87,0.19,0.28,0.22,9430.62,14,537,Fair,bad
29,0.72,0.8,993.97,4,0.16,13,0.1,0.31,0.5,0.64,0.07,16557.94,17,796,Excellent,medium
44,0.88,0.91,1858.72,1,0.33,19,0.01,0.2,0.8,0.91,0.04,58945.39,34,900,Excellent,good
7,0.42,0.22,216.25,7,0.03,5,0.3,0.62,0.23,0.33,0.28,17081.53,5,540,Fair,bad
11,0.43,0.13,194.95,6,0.01,3,0.2,0.55,0.29,0.32,0.27,11559.5,7,550,Fair,bad
41,0.95,0.83,2638.34,1,0.24,12,0.02,0.33,0.76,0.89,0.02,64928.48,25,884,Excellent,good
9,0.41,0.48,231.63,7,0.02,3,0.21,0.67,0.42,0.34,0.16,14444.13,11,605,Good,bad
7,0.36,0.21,215.23,8,0.08,1,0.24,0.55,0.23,0.26,0.19,10671.5,13,522,Fair,bad
29,0.59,0.82,760.86,3,0.1,9,0.16,0.31,0.77,0.58,0.05,25359.24,26,808,Excellent,medium
13,0.67,0.81,227.87,2,0.14,11,0.16,0.35,0.59,0.59,0.1,32804.7,18,779,Excellent,medium
15,0.73,0.57,1007.46,2,0.17,10,0.18,0.56,0.61,0.62,0.07,28312.87,15,785,Excellent,medium
42,0.75,0.86,1049.84,0,0.28,19,0.03,0.12,0.87,0.84,0.03,72591.31,27,894,Excellent,good
25,0.53,0.61,328.58,4,0.1,12,0.12,0.52,0.69,0.62,0.11,38192.8,11,732,Good,medium
5,0.3,0.22,197.86,9,0.02,2,0.28,0.72,0.38,0.44,0.19,10105.75,5,509,Fair,bad
28,0.91,0.91,1590.72,0,0.26,12,0.04,0.23,0.97,0.85,0.04,63990.86,54,900,Excellent,good
29,0.57,0.76,968.77,3,0.1,10,0.11,0.56,0.51,0.77,0.11,33438.45,15,781,Excellent,medium
11,0.51,0.72,795.28,4,0.17,12,0.18,0.49,0.71,0.57,0.06,33330.12,13,786,Excellent,medium
26,0.59,0.71,440.71,4,0.16,7,0.08,0.4,0.56,0.77,0.05,19415.34,17,770,Excellent,medium
11,0.5,0.38,209.62,8,0.02,1,0.26,0.86,0.44,0.24,0.22,13284.64,4,542,Fair,bad
14,0.64,0.57,1447.64,3,0.13,10,0.17,0.37,0.73,0.72,0.13,34922.79,20,755,Excellent,medium
19,0.53,0.8,578.3,2,0.12,11,0.18,0.4,0.72,0.76,0.09,24454.3,17,761,Excellent,medium
8,0.4,0.2,366.49,9,0.07,2,0.28,0.81,0.1,0.2,0.22,13042.94,2,533,Fair,bad
24,0.6,0.61,779.31,2,0.11,13,0.09,0.48,0.57,0.63,0.09,15669.26,11,736,Good,medium
21,0.96,0.93,520.25,1,0.41,14,0.06,0.35,0.88,0.93,0.02,54691.9,30,900,Excellent,good
16,0.71,0.65,1406.05,3,0.18,12,0.15,0.37,0.68,0.59,0.06,18025.39,9,775,Excellent,medium
41,0.83,0.84,2636.59,0,0.38,16,0.02,0.23,0.78,0.98,0.05,78821.08,27,900,Excellent,good
29,0.91,0.93,805.63,1,0.26,15,0.03,0.35,0.85,0.82,0.05,79286.28,53,900,Excellent,good
27,0.62,0.65,541.51,3,0.13,7,0.08,0.58,0.69,0.77,0.11,18282.17,8,731,Good,medium
26,0.71,0.75,1365.88,4,0.12,13,0.14,0.49,0.51,0.65,0.1,33447.78,28,774,Excellent,medium
10,0.43,0.5,169.09,8,0.08,4,0.2,0.56,0.45,0.31,0.23,15149.33,11,606,Good,bad
23,0.56,0.76,583.99,2,0.12,6,0.09,0.3,0.57,0.61,0.09,38009.75,8,757,Excellent,medium
15,0.67,0.62,267.84,4,0.15,6,0.09,0.44,0.64,0.55,0.06,24453.87,10,733,Good,medium
22,0.72,0.82,1499.76,2,0.17,9,0.18,0.41,0.57,0.58,0.06,36338.91,11,787,Excellent,medium
26,0.94,0.93,2023.28,1,0.42,18,0.04,0.24,0.76,0.98,0.05,59447.51,39,900,Excellent,good
22,0.64,0.72,924.72,3,0.09,11,0.15,0.49,0.65,0.72,0.09,21041.78,17,774,Excellent,medium
35,0.89,0.98,1403.7,0,0.28,18,0.01,0.29,0.81,0.92,0.04,56205.65,57,900,Excellent,good
4,0.17,0.11,127.0,5,0.06,6,0.25,0.7,0.44,0.28,0.19,17235.85,2,530,Fair,bad
37,0.82,0.85,1474.14,1,0.45,18,0.04,0.32,0.86,0.87,0.05,60704.6,57,900,Excellent,good
14,0.54,0.81,1125.47,8,0.13,11,0.12,0.33,0.66,0.61,0.28,34914.52,23,722,Good,medium
32,0.82,0.84,1292.53,0,0.39,13,0.06,0.13,0.78,0.96,0.03,42617.23,44,900,Excellent,good
7,0.47,0.33,175.06,5,0.06,5,0.23,0.6,0.26,0.16,0.25,15208.15,15,579,Fair,bad
10,0.78,0.72,673.41,2,0.16,13,0.11,0.47,0.69,0.74,0.08,18646.48,25,798,Excellent,medium
16,0.75,0.76,1419.01,3,0.2,13,0.1,0.56,0.64,0.56,0.11,24717.45,24,802,Excellent,medium
29,0.81,0.85,1157.98,0,0.29,19,0.05,0.15,0.97,0.84,0.02,48365.91,56,900,Excellent,good
11,0.33,0.48,342.55,7,0.07,6,0.18,0.79,0.25,0.46,0.19,10616.66,6,609,Good,bad
27,0.97,0.89,1560.39,0,0.34,17,0.06,0.13,0.79,0.98,0.04,52455.45,59,900,Excellent,good
7,0.31,0.16,156.2,8,0.04,6,0.28,0.76,0.31,0.37,0.21,6502.95,11,506,Fair,bad
38,0.8,0.81,2949.03,0,0.26,19,0.01,0.28,0.95,0.82,0.02,72000.08,30,900,Excellent,good
42,0.82,0.97,680.68,0,0.32,15,0.03,0.18,0.82,0.86,0.05,67570.79,36,900,Excellent,good
31,0.76,0.86,1922.94,0,0.35,17,0.04,0.16,0.8,0.97,0.02,47643.98,58,900,Excellent,good
17,0.58,0.8,1070.93,8,0.08,9,0.15,0.53,0.74,0.62,0.21,28823.67,8,693,Good,medium
27,0.54,0.62,1257.72,2,0.16,10,0.13,0.41,0.76,0.56,0.13,20770.44,29,768,Excellent,medium
36,0.93,0.98,1617.09,1,0.21,13,0.02,0.14,0.88,0.84,0.01,36619.54,51,900,Excellent,good
9,0.36,0.19,308.93,5,0.05,3,0.22,0.8,0.21,0.47,0.26,8162.94,2,543,Fair,bad
23,0.51,0.81,647.77,2,0.18,12,0.15,0.59,0.72,0.79,0.11,16994.09,28,779,Excellent,medium
19,0.65,0.65,1218.51,3,0.07,9,0.12,0.37,0.68,0.72,0.11,15674.63,10,738,Good,medium
18,0.7,0.66,990.9,8,0.07,12,0.08,0.42,0.53,0.76,0.21,32273.88,14,722,Good,medium
10,0.53,0.57,971.24,4,0.1,10,0.16,0.43,0.76,0.67,0.09,33759.72,29,739,Good,medium
17,0.74,0.8,704.88,4,0.16,9,0.18,0.55,0.76,0.61,0.12,21636.83,16,742,Good,medium
30,0.75,0.98,873.15,1,0.34,16,0.03,0.15,0.89,0.87,0.04,35704.13,26,866,Excellent,good
38,0.96,0.85,1935.92,1,0.34,16,0.03,0.23,0.78,0.8,0.02,63208.41,32,889,Excellent,good
3,0.13,0.18,373.38,5,0.03,5,0.25,0.63,0.11,0.32,0.21,13537.51,8,490,Fair,bad
7,0.46,0.23,154.55,5,0.02,5,0.2,0.69,0.45,0.16,0.24,12708.41,3,584,Fair,bad
27,0.67,0.6,1240.81,4,0.2,7,0.09,0.44,0.71,0.62,0.05,28530.52,24,753,Excellent,medium
27,0.92,0.97,2248.45,1,0.4,15,0.03,0.3,0.82,0.91,0.02,71764.25,37,900,Excellent,good
20,0.68,0.6,904.65,2,0.08,10,0.11,0.32,0.78,0.56,0.11,24280.69,12,734,Good,medium
24,0.7,0.63,237.44,2,0.11,6,0.12,0.51,0.59,0.63,0.06,32170.53,11,722,Good,medium
23,0.92,0.9,1673.11,0,0.32,19,0.05,0.17,0.78,0.83,0.04,74279.3,47,900,Excellent,good
28,0.96,0.92,2651.82,0,0.37,15,0.02,0.28,0.77,0.89,0.03,48981.66,33,900,Excellent,good
7,0.24,0.43,109.13,7,0.08,2,0.29,0.68,0.32,0.13,0.18,6224.89,11,540,Fair,bad
16,0.63,0.67,1460.44,2,0.18,13,0.12,0.32,0.64,0.75,0.06,16739.8,8,742,Good,medium
20,0.92,0.91,1670.57,0,0.33,17,0.06,0.3,0.9,0.89,0.04,76670.33,41,900,Excellent,good
33,0.88,0.83,1912.86,1,0.25,16,0.04,0.2,0.95,0.99,0.04,74347.42,42,900,Excellent,good
36,0.75,0.82,753.89,0,0.34,16,0.06,0.33,0.98,0.98,0.02,57939.96,30,900,Excellent,good
13,0.51,0.75,752.96,2,0.13,8,0.16,0.44,0.73,0.75,0.13,22446.25,17,749,Good,medium
32,0.77,0.82,2753.31,1,0.4,19,0.02,0.14,0.95,0.87,0.03,36258.74,45,900,Excellent,good
39,0.8,0.84,1722.54,1,0.25,12,0.06,0.26,0.92,0.93,0.03,66020.25,38,900,Excellent,good
6,0.38,0.45,112.07,6,0.01,3,0.21,0.76,0.36,0.41,0.15,10563.82,9,592,Fair,bad
32,0.96,0.95,2091.8,9,0.24,15,0.06,0.24,0.88,0.94,0.2,66066.99,42,843,Excellent,good
22,0.54,0.56,1016.84,4,0.2,11,0.08,0.55,0.59,0.7,0.1,31576.35,19,728,Good,medium
25,0.94,0.89,593.93,1,0.3,17,0.02,0.35,0.94,0.93,0.04,61416.16,57,900,Excellent,good
23,0.92,0.95,2481.22,1,0.28,19,0.06,0.16,0.89,0.88,0.01,36812.66,32,900,Excellent,good
41,0.79,0.85,2391.85,0,0.44,18,0.07,0.33,0.75,0.83,0.04,50084.75,25,900,Excellent,good
10,0.22,0.11,380.7,9,0.01,1,0.29,0.92,0.21,0.39,0.25,15514.7,7,496,Fair,bad
3,0.41,0.12,111.45,5,0.07,2,0.27,0.76,0.11,0.12,0.24,15479.45,15,539,Fair,bad
11,0.14,0.36,232.99,9,0.05,1,0.19,0.88,0.34,0.32,0.16,8736.94,10,544,Fair,bad
28,0.64,0.6,839.82,3,0.19,9,0.11,0.49,0.51,0.59,0.09,23907.42,18,735,Good,medium
27,0.77,0.62,1287.31,3,0.12,10,0.18,0.55,0.78,0.59,0.06,27584.45,8,749,Good,medium
40,0.85,0.91,2087.38,1,0.39,17,0.03,0.12,0.95,0.99,0.04,73334.71,52,900,Excellent,good
30,0.76,0.95,2176.78,1,0.2,17,0.04,0.27,0.77,0.95,0.02,53839.91,44,900,Excellent,good
3,0.37,0.51,373.54,5,0.07,6,0.21,0.62,0.24,0.19,0.18,13017.49,5,611,Good,bad
38,0.86,0.87,1628.01,0,0.27,16,0.01,0.23,0.76,0.89,0.05,51271.56,42,900,Excellent,good
25,0.77,0.84,1485.43,1,0.24,14,0.04,0.34,0.85,0.95,0.05,74464.5,45,900,Excellent,good
32,0.83,0.88,1402.02,1,0.37,16,0.04,0.35,0.76,0.89,0.04,41802.29,57,900,Excellent,good
32,0.83,0.91,958.91,1,0.41,13,0.03,0.23,0.89,0.91,0.04,48848.73,24,900,Excellent,good
28,0.95,0.85,1517.73,1,0.33,18,0.05,0.11,0.92,0.81,0.03,72245.2,53,900,Excellent,good
18,0.73,0.66,439.0,8,0.18,9,0.12,0.34,0.55,0.59,0.26,19489.53,29,692,Good,medium
13,0.61,0.82,435.0,2,0.09,6,0.15,0.6,0.73,0.69,0.09,35875.75,25,757,Excellent,medium
7,0.16,0.21,126.7,5,0.06,6,0.3,0.78,0.3,0.1,0.22,15889.72,12,532,Fair,bad
10,0.49,0.13,369.47,9,0.07,4,0.26,0.61,0.27,0.23,0.15,15831.52,11,526,Fair,bad
22,0.59,0.69,520.11,4,0.12,8,0.1,0.53,0.5,0.62,0.08,37055.95,29,759,Excellent,medium
24,0.87,0.92,1535.0,0,0.24,18,0.02,0.19,0.97,0.94,0.01,36039.49,38,900,Excellent,good
21,0.58,0.68,726.36,4,0.1,9,0.14,0.42,0.64,0.77,0.06,34793.32,17,757,Excellent,medium
22,0.56,0.76,726.66,4,0.12,8,0.07,0.52,0.53,0.75,0.07,23636.16,11,764,Excellent,medium
38,0.84,0.96,2517.18,0,0.26,16,0.03,0.13,0.97,0.83,0.03,61295.81,32,900,Excellent,good
14,0.7,0.65,531.65,4,0.1,8,0.18,0.49,0.72,0.68,0.11,39702.17,23,752,Excellent,medium
25,0.61,0.62,1390.17,2,0.16,6,0.13,0.58,0.76,0.79,0.06,19013.95,9,742,Good,medium
16,0.51,0.57,1354.5,3,0.08,7,0.17,0.48,0.73,0.66,0.06,25843.18,28,694,Good,medium
26,0.76,0.63,407.04,3,0.18,7,0.15,0.31,0.66,0.77,0.05,25129.55,12,787,Excellent,medium
22,0.86,0.99,998.31,1,0.24,16,0.06,0.22,0.87,0.96,0.04,46931.71,40,900,Excellent,good
0,0.48,0.47,257.1,7,0.07,3,0.23,0.84,0.25,0.18,0.23,7929.38,9,614,Good,bad
6,0.46,0.19,156.76,7,0.08,4,0.19,0.77,0.21,0.43,0.25,17619.47,4,557,Fair,bad
37,0.75,0.9,1338.12,1,0.4,16,0.03,0.2,0.78,0.9,0.04,63358.35,28,900,Excellent,good
1,0.31,0.44,228.31,9,0.06,6,0.23,0.85,0.17,0.24,0.18,9668.43,4,585,Fair,bad
22,0.59,0.61,971.8,4,0.16,13,0.15,0.36,0.63,0.77,0.1,32086.32,16,741,Good,medium
0,0.21,0.34,136.97,9,0.02,3,0.19,0.82,0.26,0.15,0.21,7525.03,5,521,Fair,bad
3,0.47,0.39,110.26,5,0.02,4,0.19,0.93,0.29,0.13,0.28,8624.83,4,567,Fair,bad
18,0.67,0.57,826.28,4,0.09,9,0.13,0.35,0.5,0.66,0.06,19012.89,11,718,Good,medium
21,0.86,0.9,581.64,1,0.21,13,0.04,0.28,0.9,0.87,0.01,70134.8,43,900,Excellent,good
32,0.91,0.91,1940.7,0,0.32,17,0.04,0.1,0.81,0.84,0.02,59102.43,52,900,Excellent,good
22,0.7,0.8,1283.51,9,0.12,9,0.1,0.37,0.77,0.79,0.26,37094.9,8,733,Good,medium
16,0.59,0.7,394.97,4,0.16,13,0.14,0.51,0.75,0.76,0.1,24709.83,19,785,Excellent,medium
42,0.96,0.93,2606.13,1,0.45,18,0.06,0.28,0.83,0.97,0.04,73332.78,36,900,Excellent,good
34,0.83,0.89,1833.52,1,0.28,12,0.06,0.14,0.83,0.97,0.03,61252.54,26,894,Excellent,good
5,0.5,0.34,113.32,6,0.05,4,0.28,0.63,0.45,0.28,0.26,12110.95,11,558,Fair,bad
8,0.48,0.42,281.21,8,0.08,4,0.19,0.56,0.37,0.43,0.24,16765.35,14,592,Fair,bad
17,0.59,0.62,1039.59,3,0.12,6,0.11,0.5,0.7,0.72,0.13,20778.27,24,732,Good,medium
20,0.96,0.98,1256.32,0,0.22,16,0.02,0.27,0.77,0.89,0.04,69468.12,29,900,Excellent,good
33,0.93,0.83,579.51,1,0.36,19,0.02,0.1,0.78,0.87,0.03,43685.55,47,900,Excellent,good
32,0.92,0.89,1413.04,0,0.43,18,0.01,0.27,0.83,0.84,0.02,43113.24,41,900,Excellent,good
7,0.25,0.15,173.48,6,0.04,4,0.2,0.79,0.23,0.19,0.24,10941.03,14,510,Fair,bad
43,0.87,0.86,1897.65,1,0.41,17,0.04,0.11,0.79,0.91,0.04,74726.26,25,900,Excellent,good
20,0.73,0.75,1374.34,3,0.1,10,0.16,0.5,0.75,0.56,0.1,29226.16,13,746,Good,medium
33,0.83,0.84,2105.45,1,0.31,18,0.05,0.29,0.87,0.97,0.05,51301.09,30,900,Excellent,good
11,0.53,0.58,1399.31,4,0.16,6,0.15,0.53,0.76,0.58,0.11,36270.15,24,707,Good,medium
28,0.65,0.73,521.71,2,0.13,10,0.11,0.43,0.65,0.66,0.09,22464.72,20,787,Excellent,medium
8,0.41,0.17,132.57,6,0.06,3,0.21,0.76,0.13,0.15,0.17,15071.41,12,544,Fair,bad
36,0.91,0.88,1777.13,0,0.37,14,0.07,0.12,0.82,0.85,0.02,52041.79,53,900,Excellent,good
27,0.9,0.9,1585.19,0,0.24,15,0.03,0.3,0.93,0.83,0.01,75866.93,34,900,Excellent,good
40,0.94,0.84,1231.97,0,0.24,13,0.06,0.26,0.85,0.98,0.03,78639.2,43,900,Excellent,good
2,0.27,0.32,266.03,8,0.04,4,0.3,0.93,0.47,0.42,0.3,16600.68,3,531,Fair,bad
10,0.46,0.4,226.83,9,0.06,2,0.29,0.69,0.16,0.23,0.23,9120.08,13,561,Fair,bad
12,0.54,0.68,1049.73,2,0.13,12,0.1,0.35,0.52,0.73,0.12,25234.33,27,762,Excellent,medium
24,0.78,0.61,1215.05,2,0.12,12,0.11,0.35,0.58,0.7,0.08,24851.49,8,784,Excellent,medium
18,0.6,0.73,710.26,2,0.16,12,0.1,0.51,0.52,0.79,0.08,35796.07,23,814,Excellent,medium
44,0.99,0.97,900.91,1,0.34,13,0.04,0.18,0.83,0.9,0.02,59182.79,40,900,Excellent,good
11,0.41,0.41,115.18,7,0.02,6,0.18,0.77,0.23,0.21,0.19,13305.41,5,553,Fair,bad
18,0.64,0.64,1195.19,2,0.13,10,0.08,0.51,0.61,0.62,0.05,32995.76,22,747,Good,medium
11,0.64,0.57,1070.56,3,0.19,13,0.18,0.46,0.56,0.71,0.1,28328.51,11,760,Excellent,medium
10,0.75,0.55,1320.15,3,0.1,8,0.11,0.36,0.67,0.72,0.09,16012.99,8,741,Good,medium
23,0.92,0.93,2806.12,0,0.41,14,0.06,0.31,0.92,0.81,0.02,63435.04,40,900,Excellent,good
40,0.78,0.91,1214.79,0,0.28,19,0.06,0.22,0.8,0.82,0.03,70746.49,56,900,Excellent,good
5,0.22,0.41,267.04,9,0.04,6,0.26,0.85,0.16,0.26,0.22,9623.94,2,544,Fair,bad
36,0.8,0.93,2837.61,1,0.22,15,0.01,0.32,0.82,0.92,0.05,61797.62,32,886,Excellent,good
28,0.71,0.56,1321.0,3,0.15,11,0.14,0.44,0.6,0.67,0.08,25953.06,9,727,Good,medium
43,0.81,0.99,1752.17,1,0.42,13,0.06,0.11,0.91,0.9,0.02,71786.44,46,900,Excellent,good
25,0.75,0.56,1208.86,3,0.15,7,0.13,0.32,0.71,0.69,0.14,19578.38,25,716,Good,medium
37,0.9,0.94,2305.76,1,0.23,15,0.01,0.19,0.91,0.89,0.02,59871.93,31,900,Excellent,good
22,0.76,0.81,1094.93,4,0.15,11,0.14,0.55,0.71,0.64,0.09,19653.3,22,761,Excellent,medium
10,0.38,0.32,186.57,8,0.02,3,0.18,0.95,0.24,0.44,0.23,6695.71,12,552,Fair,bad
30,0.81,0.97,1210.86,1,0.43,19,0.05,0.2,0.82,0.81,0.04,68574.21,52,900,Excellent,good
11,0.57,0.6,712.64,2,0.08,6,0.12,0.53,0.63,0.62,0.12,34955.05,20,738,Good,medium
23,0.78,0.71,357.56,4,0.11,8,0.15,0.52,0.52,0.77,0.09,31492.93,8,751,Excellent,medium
28,0.7,0.76,1176.7,9,0.19,6,0.09,0.47,0.53,0.62,0.27,24914.09,24,729,Good,medium
8,0.15,0.22,138.86,5,0.05,3,0.2,0.69,0.47,0.34,0.27,8439.68,8,545,Fair,bad
1,0.37,0.39,265.79,9,0.06,1,0.21,0.69,0.43,0.22,0.23,14134.31,10,517,Fair,bad
29,0.94,0.94,1658.07,1,0.37,13,0.06,0.32,0.78,0.88,0.03,78992.69,37,900,Excellent,good
23,0.9,0.83,1512.28,0,0.3,19,0.05,0.15,0.85,0.9,0.03,62113.01,29,900,Excellent,good
34,0.8,0.84,605.09,0,0.45,16,0.03,0.22,0.82,0.91,0.04,55131.58,43,900,Excellent,good
25,0.51,0.72,272.01,4,0.12,6,0.09,0.55,0.76,0.75,0.08,29666.08,9,713,Good,medium
25,0.93,0.95,2825.07,1,0.26,19,0.06,0.14,0.91,0.9,0.01,47836.86,50,900,Excellent,good
27,0.71,0.72,844.84,4,0.16,13,0.11,0.31,0.56,0.66,0.09,16107.39,26,781,Excellent,medium
29,0.51,0.75,670.2,3,0.16,11,0.08,0.53,0.52,0.78,0.05,26983.13,24,817,Excellent,medium
23,0.57,0.75,1219.58,4,0.12,6,0.14,0.47,0.51,0.74,0.14,23717.03,21,741,Good,medium
10,0.36,0.13,128.7,5,0.04,4,0.25,0.82,0.47,0.16,0.3,13510.79,11,541,Fair,bad
35,0.92,0.87,2710.21,8,0.2,17,0.06,0.21,0.91,0.94,0.29,38755.35,38,832,Excellent,good
41,0.98,0.9,781.84,1,0.25,12,0.03,0.28,0.83,0.95,0.02,46524.82,46,900,Excellent,good
8,0.18,0.44,147.15,7,0.05,2,0.29,0.6,0.15,0.3,0.18,12393.46,14,569,Fair,bad
27,0.6,0.73,1369.06,2,0.16,7,0.11,0.57,0.58,0.6,0.08,31253.91,29,744,Good,medium
21,0.58,0.63,928.97,4,0.09,9,0.15,0.39,0.63,0.58,0.12,29138.3,24,735,Good,medium
21,0.61,0.56,965.96,3,0.07,6,0.09,0.43,0.55,0.72,0.06,37604.09,11,727,Good,medium
24,0.82,0.99,1316.24,0,0.2,13,0.04,0.3,0.77,0.83,0.05,57766.28,28,889,Excellent,good
11,0.17,0.45,197.38,6,0.01,2,0.22,0.8,0.44,0.42,0.2,8743.18,4,543,Fair,bad
0,0.3,0.27,139.9,5,0.07,3,0.24,0.89,0.32,0.21,0.2,13843.45,14,547,Fair,bad
19,0.57,0.62,487.65,3,0.09,10,0.17,0.34,0.56,0.61,0.13,33892.85,27,734,Good,medium
25,0.83,0.81,1610.78,1,0.4,12,0.05,0.11,0.82,0.88,0.03,48322.85,55,900,Excellent,good
13,0.77,0.56,728.23,2,0.2,10,0.09,0.38,0.75,0.66,0.07,29733.46,17,772,Excellent,medium
27,0.66,0.61,1082.87,2,0.17,12,0.09,0.34,0.58,0.6,0.14,17104.26,15,743,Good,medium
32,0.94,0.91,1163.27,9,0.3,15,0.04,0.22,0.84,0.94,0.27,35234.56,39,836,Excellent,good
4,0.22,0.24,119.78,5,0.05,5,0.21,0.93,0.38,0.33,0.19,7870.37,5,589,Fair,bad
34,0.87,0.96,2867.0,9,0.18,14,0.04,0.32,0.93,0.98,0.22,45155.83,25,832,Excellent,good
1,0.13,0.43,197.35,9,0.05,1,0.23,0.95,0.18,0.32,0.25,15296.25,13,520,Fair,bad
15,0.74,0.69,1113.51,3,0.09,13,0.17,0.44,0.56,0.77,0.09,33757.81,24,793,Excellent,medium
